impl,config,member,n,D_max,mass,area_ratio,aspect,rime_fraction
original,"Column aggregates, simultaneous riming",0,13951,0.002361872914892072,1.0231105360000004e-07,0.18250293467279138,0.2785630103482952,0.33166081284495735
original,"Column aggregates, simultaneous riming",1,14271,0.0017363597958213212,1.0465780560000004e-07,0.34325302288027026,0.3759994030186545,0.3270268376427721
original,"Column aggregates, simultaneous riming",2,3140,0.0010232340821470303,2.3027504000000007e-08,0.3366093768178383,0.3103648804433683,0.4802547770700637
original,"Column aggregates, simultaneous riming",3,16722,0.0018243717378391073,1.2263245920000005e-07,0.2899697223554891,0.3704861633055452,0.2951800023920584
original,"Column aggregates, simultaneous riming",4,14431,0.001581268927627211,1.0583118160000003e-07,0.33445045315274524,0.3539430969993541,0.2985933060771949
original,"Column aggregates, simultaneous riming",5,4265,0.0010718356367434337,3.127780400000001e-08,0.3519931625105897,0.3507527098393324,0.43071512309495896
original,"Column aggregates, simultaneous riming",6,10781,0.0013350630629202524,7.906354160000003e-08,0.399174651787607,0.4727742511683529,0.32640756887116223
original,"Column aggregates, simultaneous riming",7,10213,0.0013200318671326402,7.489805680000002e-08,0.3738279963529228,0.4524941176572105,0.317340644276902
original,"Column aggregates, simultaneous riming",8,11611,0.0014885298663454463,8.515042960000004e-08,0.3401862215649211,0.48707405357154226,0.31806045990870724
original,"Column aggregates, simultaneous riming",9,8332,0.0011603280905600002,6.110355520000002e-08,0.4372867633809726,0.5492215556025875,0.34493518963034087
original,"Column aggregates, simultaneous riming",10,14548,0.0017258164856508045,1.0668921280000004e-07,0.29205775993814004,0.4052004860332784,0.3111080560901842
original,"Column aggregates, simultaneous riming",11,8522,0.0011545353732159013,6.249693920000001e-08,0.47530896212259677,0.37046676875968293,0.35226472659000235
original,"Column aggregates, simultaneous riming",12,10308,0.001335494258006402,7.559474880000002e-08,0.3786426960944671,0.29548867681074426,0.32149786573535116
original,"Column aggregates, simultaneous riming",13,11438,0.0017743535594225565,8.388171680000003e-08,0.2664301596443339,0.3279407725004434,0.3317013463892289
original,"Column aggregates, simultaneous riming",14,13006,0.0015222549541401749,9.538080160000004e-08,0.3065981466825174,0.30771133597153316,0.3186221743810549
original,"Column aggregates, simultaneous riming",15,16422,0.001952516446394205,1.2043237920000004e-07,0.2694552233604439,0.35799368313781305,0.2965534039702838
original,"Column aggregates, simultaneous riming",16,10497,0.0012944740023482716,7.698079920000002e-08,0.3975494789602309,0.41872578860596366,0.3169476993426693
original,"Column aggregates, simultaneous riming",17,10581,0.001233289472161792,7.759682160000003e-08,0.44734905028772565,0.6566494813357863,0.34883281353369244
original,"Column aggregates, simultaneous riming",18,19774,0.0023749638118509167,1.4501460640000004e-07,0.2227538743388203,0.3109812256628737,0.3024173156670375
original,"Column aggregates, simultaneous riming",19,9798,0.0013839517755768918,7.185461280000001e-08,0.334775699129757,0.5272872942698291,0.3476219636660543
original,"Column aggregates, simultaneous riming",20,7703,0.0012380095639224356,5.649072080000002e-08,0.4366339248140996,0.35198885368435695,0.3755679605348565
original,"Column aggregates, simultaneous riming",21,12504,0.0016622222916764062,9.169933440000003e-08,0.2897640127002667,0.24991764396849248,0.32309660908509275
original,"Column aggregates, simultaneous riming",22,9766,0.001623054344364449,7.161993760000004e-08,0.2818782139488151,0.24145153380724935,0.3714929346713086
original,"Column aggregates, simultaneous riming",23,14313,0.0015544006755112368,1.0496581680000004e-07,0.3488527536583941,0.472741481407248,0.2958848599175575
original,"Column aggregates, simultaneous riming",24,13632,0.0014870395360564543,9.997163520000003e-08,0.4115756112615301,0.34349145361392797,0.30663145539906106
original,"Column aggregates, simultaneous riming",25,6712,0.001045204318297462,4.9223123200000016e-08,0.4657289207013941,0.41288796797390265,0.35548271752085814
original,"Column aggregates, simultaneous riming",26,14048,0.0017874463267806273,1.0302241280000005e-07,0.30717495630079567,0.3407387416708074,0.3113610478359909
original,"Column aggregates, simultaneous riming",27,6941,0.001242322848131253,5.0902517600000014e-08,0.3356001279032748,0.3557314915110021,0.3839504394179513
original,"Column aggregates, simultaneous riming",28,9999,0.0018458116859600456,7.332866640000002e-08,0.20793253943261827,0.23069312730590957,0.3507350735073507
original,"Column aggregates, simultaneous riming",29,15109,0.0020314702515053136,1.1080336240000004e-07,0.23632950989060814,0.3183136260790016,0.315772056390231
original,"Column aggregates, simultaneous riming",30,9009,0.0011890246022961566,6.606840240000003e-08,0.42580024302165914,0.3693129639737219,0.33644133644133645
original,"Column aggregates, simultaneous riming",31,8066,0.0015222463520695824,5.9152817600000015e-08,0.2518748724949987,0.24031018735903498,0.34614430944706176
original,"Column aggregates, simultaneous riming",32,15984,0.0017153871525877548,1.1722026240000004e-07,0.3752365044745054,0.4288278909839684,0.3153153153153153
original,"Column aggregates, simultaneous riming",33,7583,0.0012966910155571953,5.561068880000002e-08,0.382257892774551,0.345733242053079,0.36225768165633654
original,"Column aggregates, simultaneous riming",34,18918,0.0020153250999345026,1.3873704480000005e-07,0.2430153211229788,0.4026216105631542,0.30003171582619725
original,"Column aggregates, simultaneous riming",35,15848,0.0018482729274360518,1.1622289280000004e-07,0.29548916149449195,0.2666459030673118,0.31562342251388187
original,"Column aggregates, simultaneous riming",36,8160,0.001431526408385272,5.984217600000002e-08,0.3365038566182019,0.3602128770451885,0.3830882352941177
original,"Column aggregates, simultaneous riming",37,10761,0.001439241957158645,7.891686960000003e-08,0.3097940217469574,0.299671343917767,0.3084285847040238
original,"Column aggregates, simultaneous riming",38,8583,0.0013480284258373923,6.294428880000002e-08,0.328753224786816,0.4158851437991557,0.34055691483164396
original,"Column aggregates, simultaneous riming",39,16833,0.0017931199214923541,1.2344648880000004e-07,0.32978596116397674,0.4364591526638986,0.30612487375987646
original,"Column aggregates, simultaneous riming",40,8592,0.0013430853822208996,6.301029120000002e-08,0.32920120453850665,0.44424075957390263,0.36312849162011174
original,"Column aggregates, simultaneous riming",41,5657,0.001015341627123213,4.1486175200000015e-08,0.3917589379464368,0.5264027757477404,0.3993282658652996
original,"Column aggregates, simultaneous riming",42,16592,0.0014466083909012639,1.2167909120000004e-07,0.4392839708900909,0.5529204644880463,0.2697685631629701
original,"Column aggregates, simultaneous riming",43,14471,0.00183420312214122,1.0612452560000004e-07,0.27657556012245504,0.22385008231159417,0.3186372745490982
original,"Column aggregates, simultaneous riming",44,13881,0.0014329049460687687,1.0179770160000003e-07,0.40580616987878126,0.46131545570447696,0.3024998198977019
original,"Column aggregates, simultaneous riming",45,7930,0.0012539079689346513,5.815544800000002e-08,0.4314624546379945,0.3434366531730898,0.37326607818411095
original,"Column aggregates, simultaneous riming",46,11057,0.0017477112677288496,8.108761520000003e-08,0.25544035133249254,0.24001127984333334,0.3368906575020349
original,"Column aggregates, simultaneous riming",47,7453,0.0012793728231815856,5.465732080000002e-08,0.40263372050190144,0.42443489299103954,0.39648463705890247
original,"Column aggregates, simultaneous riming",48,10148,0.0013319157300227835,7.442137280000001e-08,0.44297838964837266,0.3140552678915323,0.339180134016555
original,"Column aggregates, simultaneous riming",49,16529,0.0018285696838479721,1.2121707440000003e-07,0.30341455723186134,0.32955554890516975,0.29227418476616857
original,"Column aggregates, simultaneous riming",50,21379,0.0016185375071674864,1.5678503440000006e-07,0.41623753533069563,0.5910128307739428,0.2729313812619861
original,"Column aggregates, simultaneous riming",51,6652,0.001535280952407477,4.8783107200000015e-08,0.2305466445293017,0.2890613283997864,0.40438965724594106
original,"Column aggregates, simultaneous riming",52,10400,0.0019057756404010306,7.626944000000003e-08,0.22197674657390973,0.3192418220788271,0.3523076923076923
original,"Column aggregates, simultaneous riming",53,6762,0.0010458526466099996,4.958980320000002e-08,0.4530456353008693,0.4450041533824997,0.3596569062407572
original,"Column aggregates, simultaneous riming",54,11253,0.001541691510112,8.252500080000002e-08,0.3002017942607203,0.44031425220428694,0.33813205367457566
original,"Column aggregates, simultaneous riming",55,18956,0.0015551712568722348,1.3901572160000002e-07,0.46032421982892624,0.653015669449786,0.30227896180628827
original,"Column aggregates, simultaneous riming",56,10843,0.0013575395676029244,7.951822480000002e-08,0.433322435098861,0.3074997752683284,0.3234344738540994
original,"Column aggregates, simultaneous riming",57,9603,0.0015855978376867772,7.042456080000002e-08,0.2805651944590957,0.29864153190150416,0.3368738935749245
original,"Column aggregates, simultaneous riming",58,6679,0.0012692143443573064,4.898111440000002e-08,0.38159918330665765,0.38987758088172225,0.3906273394220692
original,"Column aggregates, simultaneous riming",59,14734,0.0014530481321601092,1.0805326240000004e-07,0.3150309957026236,0.4391736313867011,0.29604995249083754
original,"Column aggregates, simultaneous riming",60,7960,0.001342396885972557,5.837545600000002e-08,0.3439527737781518,0.3152721945021293,0.36105527638190954
original,"Column aggregates, simultaneous riming",61,16003,0.00184550690836484,1.1735960080000004e-07,0.32867483043725554,0.2742692312259897,0.3123789289508217
original,"Column aggregates, simultaneous riming",62,5689,0.0015285198146296074,4.172085040000001e-08,0.2140619374165898,0.2615367584489788,0.40973809105290915
original,"Column aggregates, simultaneous riming",63,13259,0.001612374616018982,9.723620240000004e-08,0.35027224003956453,0.42151151375323404,0.3083942982125349
original,"Column aggregates, simultaneous riming",64,7982,0.0012518312899624075,5.853679520000002e-08,0.2993216528783093,0.39578507758009107,0.3517915309446254
original,"Column aggregates, simultaneous riming",65,9864,0.0012672738342322312,7.233863040000002e-08,0.3621556607778603,0.32033109513834174,0.3150851581508516
original,"Column aggregates, simultaneous riming",66,17982,0.0023492848628504604,1.3187279520000005e-07,0.2259891216955432,0.35710247245156546,0.32432432432432434
original,"Column aggregates, simultaneous riming",67,6408,0.0011665036017382527,4.699370880000002e-08,0.3922466331069216,0.4410744358292811,0.39169787765293385
original,"Column aggregates, simultaneous riming",68,6715,0.000997949663064272,4.9245124000000015e-08,0.4740591924430806,0.6505274732757108,0.380789277736411
original,"Column aggregates, simultaneous riming",69,3923,0.0010428949621583135,2.876971280000001e-08,0.3385534689953588,0.3944575347862307,0.4443028294672445
original,"Column aggregates, simultaneous riming",70,13912,0.001945407733026708,1.0202504320000003e-07,0.26187357082418766,0.32625270703612635,0.3215928694652099
original,"Column aggregates, simultaneous riming",71,6798,0.0012226919429242152,4.985381280000002e-08,0.3648593499460808,0.4003912564999096,0.38128861429832306
original,"Column aggregates, simultaneous riming",72,8376,0.00128755390003341,6.142623360000002e-08,0.3320970108101292,0.5650367560045133,0.37177650429799425
original,"Column aggregates, simultaneous riming",73,5982,0.0012271457238850732,4.386959520000002e-08,0.3239987556726626,0.3573250529191286,0.3945168839852892
original,"Column aggregates, simultaneous riming",74,15324,0.0021732480480619377,1.1238008640000003e-07,0.23744817070684043,0.33978819664934845,0.315713912816497
original,"Column aggregates, simultaneous riming",75,11166,0.0016667256218993217,8.188697760000003e-08,0.2986503106738488,0.25227725607508067,0.3302883754253985
original,"Column aggregates, simultaneous riming",76,16349,0.0016970627521167405,1.1989702640000003e-07,0.3469551274412543,0.42797091542737303,0.30564560523579426
original,"Column aggregates, simultaneous riming",77,9978,0.0013597692149452643,7.317466080000002e-08,0.39141167783647374,0.3447474609863445,0.3128883543796352
original,"Column aggregates, simultaneous riming",78,14823,0.0018673872402983818,1.0870595280000005e-07,0.300862843911181,0.2615357029408948,0.3157930243540444
original,"Column aggregates, simultaneous riming",79,7162,0.0014230838444986855,5.252324320000002e-08,0.329694593114996,0.37809499781499056,0.37838592571907287
original,"Column aggregates, simultaneous riming",80,10851,0.0015018426071359567,7.957689360000003e-08,0.2978283691467722,0.30018350438267905,0.3443922219150309
original,"Column aggregates, simultaneous riming",81,9586,0.001630639047718553,7.029988960000003e-08,0.2989904641210388,0.2694060985438166,0.3594825787606927
original,"Column aggregates, simultaneous riming",82,11685,0.0016183039331895525,8.569311600000002e-08,0.28781382156287666,0.3321350929059928,0.33145057766367136
original,"Column aggregates, simultaneous riming",83,4889,0.0009317050918632539,3.585397040000001e-08,0.4136207226369406,0.41321870790394233,0.3871957455512375
original,"Column aggregates, simultaneous riming",84,5784,0.001004218379099332,4.241754240000001e-08,0.4282620890780461,0.5640222916006445,0.3917704011065007
original,"Column aggregates, simultaneous riming",85,6029,0.0011926039391046731,4.421427440000001e-08,0.33874178166581126,0.40468032767774154,0.4098523801625477
original,"Column aggregates, simultaneous riming",86,7872,0.0012669777872712964,5.773009920000002e-08,0.40483940938422375,0.40147612099065116,0.37703252032520324
original,"Column aggregates, simultaneous riming",87,9455,0.001138561738770918,6.933918800000002e-08,0.48048894105051854,0.49086798372337637,0.32035959809624537
original,"Column aggregates, simultaneous riming",88,11148,0.0013709270888664909,8.175497280000002e-08,0.3457737885561552,0.46610435969803804,0.32526013634732687
original,"Column aggregates, simultaneous riming",89,7151,0.0012007685797468894,5.244257360000002e-08,0.316136408174541,0.4583592402245274,0.3637253530974689
original,"Column aggregates, simultaneous riming",90,15393,0.0022283154247684954,1.1288610480000004e-07,0.22616498636080037,0.27895610703236756,0.32332878581173263
original,"Column aggregates, simultaneous riming",91,6214,0.0012880027123891552,4.557099040000002e-08,0.269851868683333,0.389255823198227,0.3929835854522047
original,"Column aggregates, simultaneous riming",92,33471,0.0030266266288059315,2.454629256000001e-07,0.20326312561031631,0.47019633746434836,0.26790355830420365
original,"Column aggregates, simultaneous riming",93,9300,0.001431975745673541,6.820248000000002e-08,0.29605680034998866,0.3857927522000218,0.34408602150537637
original,"Column aggregates, simultaneous riming",94,5817,0.0011618312712902545,4.2659551200000015e-08,0.3512640204631881,0.4196433495006274,0.41034897713598073
original,"Column aggregates, simultaneous riming",95,3932,0.0009204977334748127,2.883571520000001e-08,0.3552320514477391,0.4147847229547647,0.41302136317395727
original,"Column aggregates, simultaneous riming",96,11053,0.0013909594437372024,8.105828080000002e-08,0.4006414025218539,0.5261976426499303,0.32199402877046956
original,"Column aggregates, simultaneous riming",97,13311,0.0018523977663139962,9.761754960000004e-08,0.27161434465218565,0.372873192702537,0.325820749755841
original,"Column aggregates, simultaneous riming",98,12566,0.0016996727619406297,9.215401760000004e-08,0.2838346136591063,0.3662757691221688,0.3181601145949387
original,"Column aggregates, simultaneous riming",99,16621,0.0017365439305286332,1.2189176560000003e-07,0.30484267741113513,0.4270334196301768,0.3072618975994224
original,"Column aggregates, simultaneous riming",100,14666,0.0019281352078936668,1.0755457760000004e-07,0.2656274475730692,0.2608908249589849,0.3158325378426292
original,"Column aggregates, simultaneous riming",101,12729,0.001575200183008199,9.334939440000003e-08,0.37869971064142877,0.35136978861726637,0.32767695812711134
original,"Column aggregates, simultaneous riming",102,4500,0.0009709163129963611,3.300120000000001e-08,0.4576041182409732,0.39890519940530306,0.416
original,"Column aggregates, simultaneous riming",103,7254,0.0011443202387976168,5.319793440000002e-08,0.40215686858250177,0.45815238756945137,0.3680727874276261
original,"Column aggregates, simultaneous riming",104,19229,0.0024073254316013325,1.4101779440000005e-07,0.20661085331468954,0.31997682073300315,0.28940662540953765
original,"Column aggregates, simultaneous riming",105,3950,0.000804313011234988,2.896772000000001e-08,0.45897441417512524,0.6006863917555383,0.4379746835443038
original,"Column aggregates, simultaneous riming",106,8620,0.0011619897479898827,6.321563200000002e-08,0.4413177333733904,0.5472492151786381,0.32621809744779584
original,"Column aggregates, simultaneous riming",107,7969,0.0014332226587215492,5.844145840000002e-08,0.307690834942275,0.4021257888988589,0.37959593424520016
original,"Column aggregates, simultaneous riming",108,10483,0.0011751870396197663,7.687812880000002e-08,0.415973077362466,0.6013545430295737,0.31966040255652006
original,"Column aggregates, simultaneous riming",109,12199,0.0015814283196066586,8.946258640000003e-08,0.3099457880602824,0.33318179066609116,0.3361750963193704
original,"Column aggregates, simultaneous riming",110,7966,0.001133730279905219,5.8419457600000015e-08,0.49687615372845123,0.36333320713238826,0.3444639718804921
original,"Column aggregates, simultaneous riming",111,9101,0.0013378990576604834,6.674309360000002e-08,0.3035902597170008,0.30874673705495714,0.33919349522030545
original,"Column aggregates, simultaneous riming",112,12376,0.0020035104766423215,9.076063360000003e-08,0.22140239052567623,0.2635691378080205,0.3343568196509373
original,"Column aggregates, simultaneous riming",113,10206,0.0013840697053194365,7.484672160000003e-08,0.35758267471691585,0.5401056669750608,0.33274544385655497
original,"Column aggregates, simultaneous riming",114,8180,0.0013157214533434966,5.998884800000001e-08,0.32097185219407465,0.4269086467131341,0.3569682151589242
original,"Column aggregates, simultaneous riming",115,13800,0.0012706617359230677,1.0120368000000003e-07,0.4968104978331166,0.4438590380670833,0.30130434782608695
original,"Column aggregates, simultaneous riming",116,13946,0.0017184217267064107,1.0227438560000004e-07,0.32217176163260197,0.4531225253678638,0.3235336297146135
original,"Column aggregates, simultaneous riming",117,13812,0.0016133277491985963,1.0129168320000004e-07,0.3111157710166824,0.4766225156026242,0.32348682305241816
original,"Column aggregates, simultaneous riming",118,20215,0.0019403271142198599,1.4824872400000005e-07,0.2959835143653084,0.40692475267160416,0.2690576304724215
original,"Column aggregates, simultaneous riming",119,16601,0.0016388021817380647,1.2174509360000005e-07,0.3170686592304256,0.36318727278154245,0.29715077404975604
original,"Column aggregates, simultaneous riming",120,7322,0.0011181018713531032,5.369661920000002e-08,0.4517923858754482,0.3916018103632472,0.3660202130565419
original,"Column aggregates, simultaneous riming",121,6039,0.0010988964327724683,4.428761040000001e-08,0.42554721148919494,0.5009176676020498,0.40818016227852294
original,"Column aggregates, simultaneous riming",122,6859,0.0015099824718772027,5.030116240000002e-08,0.24883501299142272,0.3080364465553796,0.38387520046654033
original,"Column aggregates, simultaneous riming",123,6879,0.0013549440624295115,5.044783440000002e-08,0.2799100835649028,0.3245800164393741,0.3856665212967001
original,"Column aggregates, simultaneous riming",124,6986,0.0015372738128916926,5.1232529600000015e-08,0.2504227496135734,0.37085765032844437,0.3919267105639851
original,"Column aggregates, simultaneous riming",125,11459,0.0019124343807938426,8.403572240000003e-08,0.21152163684560196,0.22268675146872888,0.33344969019984294
original,"Column aggregates, simultaneous riming",126,10005,0.0011622404711653473,7.337266800000002e-08,0.3872117834624297,0.4748465241167846,0.3295352323838081
original,"Column aggregates, simultaneous riming",127,8430,0.001257667692348398,6.182224800000002e-08,0.3970099370975876,0.5251531558250361,0.3589561091340451
original,"Column aggregates, simultaneous riming",128,13147,0.0017530261805222072,9.641483920000003e-08,0.25936277706951566,0.43455450307885995,0.3123906594660379
original,"Column aggregates, simultaneous riming",129,6858,0.0012461295222079784,5.029382880000002e-08,0.3273213103652861,0.4820462198594114,0.3767862350539516
original,"Column aggregates, simultaneous riming",130,17341,0.0016618297119175172,1.2717195760000005e-07,0.3673553804606757,0.30787039785762915,0.2919670145897007
original,"Column aggregates, simultaneous riming",131,8404,0.0016759597185760395,6.163157440000003e-08,0.24024747713577763,0.27168660598576844,0.3712517848643503
original,"Column aggregates, simultaneous riming",132,9342,0.0016325330628201857,6.851049120000002e-08,0.28874242738632633,0.29459290257569193,0.3551701991008349
original,"Column aggregates, simultaneous riming",133,6502,0.0014057907054246704,4.768306720000002e-08,0.25667768470704505,0.3098050675431125,0.3755767456167333
original,"Column aggregates, simultaneous riming",134,17106,0.0017676733472445083,1.2544856160000005e-07,0.37651134113125795,0.43451371209866435,0.3138080205775751
original,"Column aggregates, simultaneous riming",135,20828,0.0017777819573734528,1.5274422080000005e-07,0.3864224059758149,0.4719310055773052,0.2930670251584406
original,"Column aggregates, simultaneous riming",136,15638,0.0017229717584484369,1.1468283680000005e-07,0.26797533449498834,0.4272322388643789,0.2983757513748561
original,"Column aggregates, simultaneous riming",137,22660,0.0018351503232061181,1.6617937600000004e-07,0.34766885889187754,0.4199160173657473,0.2835834068843778
original,"Column aggregates, simultaneous riming",138,23893,0.0023582932546941564,1.7522170480000006e-07,0.27856958812056315,0.25415945270557966,0.2941865818440547
original,"Column aggregates, simultaneous riming",139,17606,0.0020312436777321923,1.2911536160000004e-07,0.268722781305858,0.2354234915993904,0.2863796433034193
original,"Column aggregates, simultaneous riming",140,17714,0.001956989210522197,1.2990739040000004e-07,0.32261461958266013,0.2958533958273302,0.3046178164163938
original,"Column aggregates, simultaneous riming",141,19838,0.0020644022487381264,1.4548395680000005e-07,0.29971535631868307,0.5192686894275022,0.3036596431091844
original,"Column aggregates, simultaneous riming",142,17273,0.002339263007025117,1.2667327280000006e-07,0.21508590418460022,0.2910808767365786,0.32472645168760494
original,"Column aggregates, simultaneous riming",143,5164,0.001156527590857934,3.787071040000001e-08,0.27833991536634994,0.37987634992205443,0.4051123160340821
original,"Column aggregates, simultaneous riming",144,13050,0.0016757601587701826,9.570348000000003e-08,0.292899691956736,0.2586781456275646,0.3114176245210728
original,"Column aggregates, simultaneous riming",145,11363,0.0016700123978242206,8.333169680000002e-08,0.2589446545820741,0.413440706283526,0.3228900818445833
original,"Column aggregates, simultaneous riming",146,16575,0.0018715135581870944,1.2155442000000005e-07,0.2851423655546566,0.37735032179589834,0.2987028657616893
original,"Column aggregates, simultaneous riming",147,9157,0.0014503720934129077,6.715377520000003e-08,0.27116227119270375,0.3055611357701832,0.3039204979796877
original,"Column aggregates, simultaneous riming",148,11070,0.0017113222542925119,8.118295200000002e-08,0.3001561908583309,0.29746912139562875,0.34616079494128277
original,"Column aggregates, simultaneous riming",149,21756,0.002018647820078042,1.5954980160000004e-07,0.2963333629911842,0.5419099903261121,0.29555065269350983
original,"Column aggregates, simultaneous riming",150,13830,0.001939513718683738,1.0142368800000003e-07,0.23855597708006376,0.2971857925545993,0.3119305856832972
original,"Column aggregates, simultaneous riming",151,13037,0.0013989146376574798,9.560814320000002e-08,0.3666896687193961,0.4384926305967097,0.32745263480862163
original,"Column aggregates, simultaneous riming",152,12945,0.001351103620049225,9.493345200000003e-08,0.42462684529996303,0.44436936103666175,0.28528389339513327
original,"Column aggregates, simultaneous riming",153,11192,0.0016611542173403794,8.207765120000002e-08,0.29585827861387604,0.3260280511081347,0.3277340957827019
original,"Column aggregates, simultaneous riming",154,21107,0.0018005327433497367,1.5479029520000005e-07,0.4012258961379163,0.5102316002766352,0.29862131046572227
original,"Column aggregates, simultaneous riming",155,3326,0.0008057640311909719,2.4391553600000008e-08,0.5036042474502381,0.4336480387462891,0.45520144317498495
original,"Column aggregates, simultaneous riming",156,3713,0.0008891699907826504,2.722965680000001e-08,0.4290172405895574,0.4113827113201176,0.4236466469162402
original,"Column aggregates, simultaneous riming",157,16743,0.0016073810625123032,1.2278646480000005e-07,0.3893135461402825,0.5880074900189582,0.28710505883055604
original,"Column aggregates, simultaneous riming",158,10650,0.0016718411754016221,7.810284000000002e-08,0.27386659121062623,0.24827598686339997,0.3295774647887324
original,"Column aggregates, simultaneous riming",159,12752,0.0015478028476091357,9.351806720000003e-08,0.29060785029366837,0.33627803562971953,0.30489335006273527
original,"Column aggregates, simultaneous riming",160,11354,0.0013760790363247653,8.326569440000003e-08,0.36255445393554453,0.47671387528969617,0.3288708825083671
original,"Column aggregates, simultaneous riming",161,18283,0.001668674137148622,1.3408020880000005e-07,0.40915986285000405,0.3626156331983561,0.29694251490455614
original,"Column aggregates, simultaneous riming",162,7923,0.001416925329490435,5.810411280000002e-08,0.2742217360535678,0.3440322270830161,0.3557995708696201
original,"Column aggregates, simultaneous riming",163,15047,0.0015843800534716794,1.1034867920000003e-07,0.4071915434542562,0.40178249633787166,0.3250481823619326
original,"Column aggregates, simultaneous riming",164,6112,0.0009355682356057499,4.482296320000002e-08,0.47654407614754696,0.5862642049056362,0.38972513089005234
original,"Column aggregates, simultaneous riming",165,14290,0.0015535481256630475,1.0479714400000003e-07,0.36274093156193354,0.4997271976082519,0.3098670398880336
original,"Column aggregates, simultaneous riming",166,11109,0.0017104068336590917,8.146896240000003e-08,0.27906462413672567,0.32867869215570467,0.3455756593752813
original,"Column aggregates, simultaneous riming",167,14383,0.001607723724198763,1.0547916880000004e-07,0.3182143758935354,0.4790633181462269,0.31905722032955575
original,"Column aggregates, simultaneous riming",168,16836,0.0015039455458680279,1.2346848960000005e-07,0.43524895828326765,0.39367308583899985,0.2614635305298171
original,"Column aggregates, simultaneous riming",169,6052,0.001443176954877941,4.438294720000002e-08,0.2594456080530102,0.2791811321473567,0.41771315267680104
original,"Column aggregates, simultaneous riming",170,9869,0.0013104543150253166,7.237529840000003e-08,0.38020197169075093,0.5346782585195097,0.32151180464079443
original,"Column aggregates, simultaneous riming",171,10613,0.0020286279721061316,7.783149680000002e-08,0.19256390461453948,0.2719275406249522,0.34212757938377464
original,"Column aggregates, simultaneous riming",172,7232,0.0013256246669560447,5.303659520000002e-08,0.29996411741717105,0.3069301211874952,0.3844026548672566
original,"Column aggregates, simultaneous riming",173,10887,0.0015377050297362147,7.984090320000003e-08,0.3271762828841301,0.38880685869312803,0.3480297602645357
original,"Column aggregates, simultaneous riming",174,15241,0.001990073589049328,1.1177139760000004e-07,0.26812536277284815,0.21766561151881195,0.3083131028147759
original,"Column aggregates, simultaneous riming",175,9510,0.0012277892041934893,6.974253600000002e-08,0.4260274432746363,0.3886207690095087,0.34426919032597264
original,"Column aggregates, simultaneous riming",176,11766,0.0017712754698979455,8.628713760000003e-08,0.24073489384041352,0.21788517887879455,0.3212646608873024
original,"Column aggregates, simultaneous riming",177,8821,0.00154962782146476,6.468968560000002e-08,0.3037094588945785,0.34859597848011087,0.36379095340664325
original,"Column aggregates, simultaneous riming",178,17671,0.0018361347231190736,1.2959204560000004e-07,0.34291531363190975,0.38749148579556797,0.29953030388772567
original,"Column aggregates, simultaneous riming",179,17631,0.0017295243338405345,1.2929870160000005e-07,0.3498876251727075,0.3397300945452804,0.2971470705008224
original,"Column aggregates, simultaneous riming",180,15903,0.0017647825284817812,1.1662624080000004e-07,0.3375183675018927,0.3427625641613738,0.29711375212224106
original,"Column aggregates, simultaneous riming",181,8223,0.001488808897727984,6.030419280000002e-08,0.24125787471842863,0.3048782664022708,0.35206129149945276
original,"Column aggregates, simultaneous riming",182,14281,0.0017543228409106408,1.0473114160000003e-07,0.3025013141502656,0.4461031782025755,0.3227365030460052
original,"Column aggregates, simultaneous riming",183,10844,0.0020097509687540256,7.952555840000002e-08,0.19935057218965369,0.23404605508199078,0.3469199557358908
original,"Column aggregates, simultaneous riming",184,9181,0.0014596801376921239,6.732978160000003e-08,0.2686711437977343,0.2935120231571611,0.33863413571506373
original,"Column aggregates, simultaneous riming",185,10944,0.0016252417752035497,8.025891840000003e-08,0.23831568504072617,0.21338789587103713,0.33187134502923976
original,"Column aggregates, simultaneous riming",186,10118,0.0011882915647603793,7.420136480000001e-08,0.5251525231742308,0.49943417446314486,0.3310931014034394
original,"Column aggregates, simultaneous riming",187,7092,0.0013553411806760162,5.200989120000002e-08,0.3290967251649708,0.368027205525084,0.39199097574732095
original,"Column aggregates, simultaneous riming",188,14547,0.0015028771357758783,1.0668187920000003e-07,0.3447709303301301,0.3979430845168668,0.2903004055819069
original,"Column aggregates, simultaneous riming",189,4429,0.0011206317243484414,3.248051440000001e-08,0.3220066098624659,0.4294030545880097,0.42560397380898624
original,"Column aggregates, simultaneous riming",190,16056,0.0016858142379826148,1.1774828160000004e-07,0.30124398808787106,0.4454380396065552,0.29970104633781763
original,"Column aggregates, simultaneous riming",191,13042,0.0019441064371288558,9.564481120000003e-08,0.24052944760450393,0.22251913289993006,0.31222205183254104
original,"Column aggregates, simultaneous riming",192,7447,0.0011850495829198204,5.4613319200000016e-08,0.373537571646101,0.3117686278734885,0.3804216463005237
original,"Column aggregates, simultaneous riming",193,9835,0.0013048788231387102,7.212595600000002e-08,0.37627934989829764,0.5108628925144105,0.3423487544483986
original,"Column aggregates, simultaneous riming",194,10725,0.0017980191083291081,7.865286000000002e-08,0.2594628017554434,0.2686989978215277,0.3476923076923077
original,"Column aggregates, simultaneous riming",195,7874,0.0011782811654725861,5.7744766400000023e-08,0.40388670517001163,0.43173405271629534,0.34696469392938784
original,"Column aggregates, simultaneous riming",196,6591,0.0014097024561965383,4.833575760000001e-08,0.2506421180404192,0.2782826768925193,0.39341526323774845
original,"Column aggregates, simultaneous riming",197,11981,0.0014832481114558937,8.786386160000003e-08,0.3646053693559133,0.5263388798793476,0.3369501711042484
original,"Column aggregates, simultaneous riming",198,7483,0.0013832310796207047,5.487732880000002e-08,0.2874778502103221,0.3737385512112315,0.37378056929039155
original,"Column aggregates, simultaneous riming",199,13983,0.0018573434253336284,1.0254572880000004e-07,0.2620499262053874,0.2779289695905067,0.3137381105628263
original,"Column aggregates, simultaneous riming",200,21165,0.0014309100252307724,1.5521564400000004e-07,0.5561824185604455,0.6111948588538129,0.28325064965745334
original,"Column aggregates, simultaneous riming",201,12423,0.0015481259331726355,9.110531280000004e-08,0.31811147756877084,0.42321147323273894,0.3285035820655236
original,"Column aggregates, simultaneous riming",202,7166,0.0009922415307315727,5.255257760000002e-08,0.492978761304848,0.4538421917492085,0.3206809935807982
original,"Column aggregates, simultaneous riming",203,7900,0.0012938722192014668,5.793544000000002e-08,0.311520972671831,0.38323677418757474,0.36050632911392405
original,"Column aggregates, simultaneous riming",204,22006,0.002166026162099352,1.6138320160000005e-07,0.3026463799839097,0.24711689390651476,0.29746432791056987
original,"Column aggregates, simultaneous riming",205,5191,0.0008674367138118963,3.806871760000001e-08,0.504932515665938,0.4982653463040023,0.40974764014640724
original,"Column aggregates, simultaneous riming",206,7591,0.0010887709901411427,5.5669357600000015e-08,0.44982512585754847,0.473445447283485,0.3429060729811619
original,"Column aggregates, simultaneous riming",207,14265,0.0017183849228990093,1.0461380400000003e-07,0.3092498462957945,0.39093939129203786,0.2970206799859797
original,"Column aggregates, simultaneous riming",208,9263,0.0015302412136221628,6.793113680000002e-08,0.273174376366056,0.23397732028332435,0.3431933498866458
original,"Column aggregates, simultaneous riming",209,14429,0.001583374543447267,1.0581651440000003e-07,0.35326643471179436,0.5833755785032082,0.31984198489153787
original,"Column aggregates, simultaneous riming",210,22149,0.0024658332215101034,1.6243190640000004e-07,0.2264064300309901,0.30412295736748063,0.28520474965009707
original,"Column aggregates, simultaneous riming",211,11996,0.0017203761388276998,8.797386560000003e-08,0.3161057862083298,0.3484499482591548,0.33427809269756587
original,"Column aggregates, simultaneous riming",212,10974,0.0019067929213451946,8.047892640000003e-08,0.19778700065924942,0.195373526227825,0.33971204665573174
original,"Column aggregates, simultaneous riming",213,16407,0.0015846949552973345,1.2032237520000004e-07,0.4084493651565946,0.5525331066932053,0.30590601572499543
original,"Column aggregates, simultaneous riming",214,7175,0.0012630690383896603,5.2618580000000015e-08,0.3671248410484211,0.5718345978856223,0.3962369337979094
original,"Column aggregates, simultaneous riming",215,11495,0.0017846900199214159,8.429973200000003e-08,0.2601549374834493,0.2633580723640491,0.3325793823401479
original,"Column aggregates, simultaneous riming",216,13683,0.001457754869733174,1.0034564880000004e-07,0.4167740691439759,0.5369794343451889,0.30497697873273405
original,"Column aggregates, simultaneous riming",217,15493,0.001580036463678417,1.1361946480000005e-07,0.41514547093120036,0.41341950853531595,0.30678370877170336
original,"Column aggregates, simultaneous riming",218,15310,0.0016477472389906517,1.1227741600000003e-07,0.36634575879658876,0.4037363461507274,0.31077726975832787
original,"Column aggregates, simultaneous riming",219,11377,0.0013968573536229996,8.343436720000003e-08,0.41162115448922226,0.35878501644024235,0.33022765228091766
original,"Column aggregates, simultaneous riming",220,6922,0.0011671514385343809,5.076317920000002e-08,0.31853362603632585,0.32697622580478347,0.3429644611383993
original,"Column aggregates, simultaneous riming",221,10155,0.002121138885114652,7.447270800000002e-08,0.18122713745455885,0.264312780103966,0.3624815361890694
original,"Column aggregates, simultaneous riming",222,16403,0.0019129041009450381,1.2029304080000006e-07,0.29242181336944306,0.29808323715400276,0.2889105651405231
original,"Column aggregates, simultaneous riming",223,17561,0.0018040458969209023,1.2878534960000004e-07,0.3563181755796742,0.3096708956725519,0.2938898695974033
original,"Column aggregates, simultaneous riming",224,9094,0.001403164265710621,6.669175840000003e-08,0.3160998456960799,0.4208476771043542,0.3567187156366835
original,"Column aggregates, simultaneous riming",225,16408,0.0019117273567360437,1.2032970880000003e-07,0.23940948894888203,0.3363249699822783,0.30399804973183814
original,"Column aggregates, simultaneous riming",226,12358,0.0018040478758907222,9.062862880000004e-08,0.2683725649740056,0.27298168470891226,0.326751901602201
original,"Column aggregates, simultaneous riming",227,12605,0.0017593947772317504,9.244002800000002e-08,0.2987853898208782,0.3316120875140363,0.32899642998809997
original,"Column aggregates, simultaneous riming",228,13123,0.0022477079725605393,9.623883280000003e-08,0.17631129990764985,0.22492401587906924,0.3246970967004496
original,"Column aggregates, simultaneous riming",229,11981,0.0019302799427514691,8.786386160000003e-08,0.21241272400004052,0.2433772714903902,0.35013771805358485
original,"Column aggregates, simultaneous riming",230,17643,0.0023546951433089966,1.2938670480000004e-07,0.20051851034678206,0.2338873309892466,0.3116816867879612
original,"Column aggregates, simultaneous riming",231,13785,0.0018971666773182467,1.0109367600000003e-07,0.28286025481324417,0.2951159512627773,0.33144722524483133
original,"Column aggregates, simultaneous riming",232,10543,0.0013778768389980465,7.731814480000002e-08,0.3559756016465455,0.35390142817927905,0.30076828227259794
original,"Column aggregates, simultaneous riming",233,9336,0.0014919982209397806,6.846648960000002e-08,0.3154988391028093,0.39476937235838977,0.34318766066838047
original,"Column aggregates, simultaneous riming",234,6112,0.0013624271388272106,4.482296320000002e-08,0.2968730667394821,0.294197543411042,0.39267015706806285
original,"Column aggregates, simultaneous riming",235,8998,0.0012705066259422941,6.598773280000003e-08,0.3921817408353482,0.2844250950254128,0.33051789286508115
original,"Column aggregates, simultaneous riming",236,15201,0.0017336297771951682,1.1147805360000004e-07,0.2850252830320783,0.36796478544774053,0.31609762515623974
original,"Column aggregates, simultaneous riming",237,11007,0.001772866034558183,8.072093520000003e-08,0.2676876367553077,0.2683477044825649,0.34532570182611066
original,"Column aggregates, simultaneous riming",238,13697,0.001759707972705867,1.0044831920000004e-07,0.2794359546327,0.41337336938585456,0.32028911440461416
original,"Column aggregates, simultaneous riming",239,13266,0.00134461190578553,9.728753760000004e-08,0.42704673570307367,0.5063880353227812,0.32323232323232326
original,"Column aggregates, simultaneous riming",240,8466,0.0014896382338909738,6.208625760000002e-08,0.29607258737811115,0.2790191584230122,0.346326482400189
original,"Column aggregates, simultaneous riming",241,27031,0.001983203435464077,1.9823454160000008e-07,0.34314798399309665,0.4462233441487224,0.2709111760571196
original,"Column aggregates, simultaneous riming",242,20470,0.001842257871174256,1.5011879200000004e-07,0.375153737178233,0.5282919260072207,0.2890083048363459
original,"Column aggregates, simultaneous riming",243,13546,0.0018351234316528508,9.934094560000004e-08,0.27236623141125876,0.2610056929287472,0.32245681381957775
original,"Column aggregates, simultaneous riming",244,10541,0.0014662264515822357,7.730347760000003e-08,0.35132508552595,0.5746975541331685,0.34351579546532585
original,"Column aggregates, simultaneous riming",245,20769,0.0016781144367508708,1.5231153840000005e-07,0.3278874292951087,0.4138870305344796,0.27372526361404015
original,"Column aggregates, simultaneous riming",246,13190,0.0016111207556815524,9.673018400000003e-08,0.3200131949947852,0.28722658992001204,0.3161485974222896
original,"Column aggregates, simultaneous riming",247,7342,0.0012630452391507322,5.3843291200000015e-08,0.37033118668811055,0.5189424392145179,0.38627077090710976
original,"Column aggregates, simultaneous riming",248,14761,0.00147677754394082,1.0825126960000004e-07,0.39980084778126257,0.48170671189698894,0.30519612492378567
original,"Column aggregates, simultaneous riming",249,9127,0.0014209568296682496,6.693376720000003e-08,0.3140347396081335,0.36849021888926836,0.3391037580804207
original,"Column aggregates, simultaneous riming",250,10655,0.0018065194795696194,7.813950800000003e-08,0.2091171303248677,0.3437632830749014,0.3394650398873768
original,"Column aggregates, simultaneous riming",251,13446,0.0015501704412746236,9.860758560000003e-08,0.29120440468352526,0.26345878329574435,0.31964896623531164
original,"Column aggregates, simultaneous riming",252,12995,0.0021180301454345085,9.530013200000003e-08,0.2085523040457719,0.24794136140450967,0.32096960369372834
original,"Column aggregates, simultaneous riming",253,15611,0.0022335646729980774,1.1448482960000003e-07,0.20090842082164467,0.3170790674852942,0.31420152456601114
original,"Column aggregates, simultaneous riming",254,5793,0.0011760926066779207,4.248354480000002e-08,0.287566375856198,0.32098721252595247,0.3585361643362679
original,"Column aggregates, simultaneous riming",255,5048,0.0012573652376183127,3.7020012800000014e-08,0.2712434770839011,0.3277062529714405,0.40887480190174325
original,"Column aggregates, simultaneous riming",256,12372,0.0014487847021721477,9.073129920000002e-08,0.3654158479896797,0.4473453985286154,0.3199159392175881
original,"Column aggregates, simultaneous riming",257,18883,0.0023203851083398413,1.3848036880000006e-07,0.22172138260330182,0.4130519834275041,0.30943176402054756
original,"Column aggregates, simultaneous riming",258,11007,0.001280565958454036,8.072093520000003e-08,0.41585964794369806,0.550583077166456,0.324066503134369
original,"Column aggregates, simultaneous riming",259,14571,0.001387909567831019,1.0685788560000003e-07,0.3952655490164935,0.4843930393818193,0.3208427698853888
original,"Column aggregates, simultaneous riming",260,16382,0.0021693459621417747,1.2013903520000003e-07,0.22964545467972788,0.3610073526884087,0.3025271639604444
original,"Column aggregates, simultaneous riming",261,8858,0.001734214433484835,6.496102880000002e-08,0.22522477309131875,0.30654417639710196,0.36689997742153985
original,"Column aggregates, simultaneous riming",262,14348,0.0017173081707913952,1.0522249280000004e-07,0.2514403730902233,0.3641050542220495,0.2960691385558963
original,"Column aggregates, simultaneous riming",263,18977,0.0018264052540612743,1.3916972720000005e-07,0.325967043643607,0.4133732020379741,0.28408072930389416
original,"Column aggregates, simultaneous riming",264,11529,0.0014227062169112007,8.454907440000004e-08,0.3331406559260002,0.44277968253134314,0.33749674733281293
original,"Column aggregates, simultaneous riming",265,12256,0.001600030814462241,8.988060160000003e-08,0.3590795091654317,0.5943705706144293,0.3294712793733681
original,"Column aggregates, simultaneous riming",266,12659,0.00134812941896257,9.283604240000003e-08,0.39035347904174744,0.5458188134330622,0.3023145588119125
original,"Column aggregates, simultaneous riming",267,16334,0.00211154020126259,1.1978702240000005e-07,0.22537123606203877,0.38049342272533127,0.3208032325211216
original,"Column aggregates, simultaneous riming",268,11861,0.001432584702971218,8.698382960000003e-08,0.38017911579887864,0.43420488593348683,0.3299047297866959
original,"Column aggregates, simultaneous riming",269,11590,0.0012595196311398387,8.499642400000002e-08,0.40996910087593147,0.47199121183416526,0.3104400345125108
original,"Column aggregates, simultaneous riming",270,17002,0.0020232025981679544,1.2468586720000005e-07,0.24349059308258156,0.3517946873639092,0.31408069638866015
original,"Column aggregates, simultaneous riming",271,7788,0.0012933728297393056,5.711407680000002e-08,0.33246450209603745,0.44728616383131964,0.3674884437596302
original,"Column aggregates, simultaneous riming",272,11648,0.0015365337179977412,8.542177280000002e-08,0.2983376745335139,0.4760999879035736,0.33087225274725274
original,"Column aggregates, simultaneous riming",273,11246,0.0014154095020296718,8.247366560000003e-08,0.3828519541816096,0.30871508386904806,0.3060643784456696
original,"Column aggregates, simultaneous riming",274,8829,0.0013847105096947737,6.474835440000003e-08,0.3492833517644299,0.31288834466495313,0.3417148034885038
original,"Column aggregates, simultaneous riming",275,13890,0.001887800614501914,1.0186370400000003e-07,0.24608832532868571,0.40519579631233643,0.29848812095032395
original,"Column aggregates, simultaneous riming",276,11574,0.0018332710572089733,8.487908640000003e-08,0.25321719623785915,0.316217769998276,0.3297045101088647
original,"Column aggregates, simultaneous riming",277,15765,0.0022040172291008333,1.1561420400000003e-07,0.20758947471435038,0.2830395987133243,0.3126546146527117
original,"Column aggregates, simultaneous riming",278,13697,0.0015772715842780503,1.0044831920000004e-07,0.3627612327055388,0.3696758203501065,0.3151785062422428
original,"Column aggregates, simultaneous riming",279,7675,0.00135673856085256,5.628538000000001e-08,0.31181836416796893,0.28243776515971447,0.36
original,"Column aggregates, simultaneous riming",280,8860,0.0013043980427240166,6.497569600000002e-08,0.4022991377498663,0.32730399194658777,0.35214446952595935
original,"Column aggregates, simultaneous riming",281,5101,0.0009760854008220361,3.740869360000001e-08,0.44154454429137735,0.5745852308454475,0.4063909037443639
original,"Column aggregates, simultaneous riming",282,11657,0.0015511394198534307,8.548777520000003e-08,0.35518972719582903,0.3423929535525983,0.33567813331045726
original,"Column aggregates, simultaneous riming",283,16496,0.0015095536975366331,1.2097506560000003e-07,0.42844501121695155,0.5124688132915906,0.30298254122211443
original,"Column aggregates, simultaneous riming",284,11548,0.0016787271989491686,8.468841280000002e-08,0.28752792861489485,0.34988324547306787,0.32351922410807066
original,"Column aggregates, simultaneous riming",285,10667,0.0013691043710796803,7.822751120000002e-08,0.38853758227919305,0.2798445394060892,0.3263335520764976
original,"Column aggregates, simultaneous riming",286,2803,0.0009461767465973035,2.0556080800000005e-08,0.29297650771946876,0.34089319216240394,0.4891188012843382
original,"Column aggregates, simultaneous riming",287,10310,0.0015045862456046861,7.560941600000003e-08,0.30191761430667197,0.4479401513483724,0.35150339476236664
original,"Column aggregates, simultaneous riming",288,23052,0.0020001717179362172,1.6905414720000007e-07,0.31583649392960267,0.4449663466011279,0.26592052750303663
original,"Column aggregates, simultaneous riming",289,23652,0.001678714739797198,1.7345430720000006e-07,0.32548427786448303,0.5095856206614646,0.2824285472687299
original,"Column aggregates, simultaneous riming",290,11828,0.0016949479596615792,8.674182080000002e-08,0.2604228987710915,0.28518878421297184,0.33513696313831587
original,"Column aggregates, simultaneous riming",291,5338,0.0010240471832160941,3.9146756800000015e-08,0.4574894444194488,0.45349947993287254,0.40014986886474335
original,"Column aggregates, simultaneous riming",292,15674,0.0017202605990512855,1.1494684640000003e-07,0.35401031537945005,0.4683154190247486,0.30547403343115986
original,"Column aggregates, simultaneous riming",293,11697,0.0013837171057365912,8.578111920000003e-08,0.38649253021514923,0.5659182431156525,0.336753013593229
original,"Column aggregates, simultaneous riming",294,7798,0.0013006497503858336,5.718741280000002e-08,0.33357166022602924,0.5048660674554631,0.3652218517568607
original,"Column aggregates, simultaneous riming",295,8999,0.0010530980053365527,6.599506640000002e-08,0.5758774409680856,0.4980070361963704,0.35837315257250807
original,"Column aggregates, simultaneous riming",296,8858,0.001528186973079631,6.496102880000002e-08,0.28852069365981303,0.2987385011936245,0.3524497629261684
original,"Column aggregates, simultaneous riming",297,23151,0.0019880967436977934,1.6978017360000004e-07,0.3267716200259498,0.5392470203808978,0.2651721307934862
original,"Column aggregates, simultaneous riming",298,21745,0.002155413024222766,1.5946913200000004e-07,0.23678972630854894,0.28931776394677094,0.2905035640377098
original,"Column aggregates, simultaneous riming",299,11994,0.001586468582152376,8.795919840000002e-08,0.32801233288330234,0.2987069475990089,0.3216608304152076
snowagg,"Column aggregates, simultaneous riming",0,12805,0.001704993394317501,9.390674800000002e-08,0.232660567735139,0.30796503769239314,0.3193283873486919
snowagg,"Column aggregates, simultaneous riming",1,17073,0.0016906709651245046,1.2520655280000005e-07,0.3731028776366578,0.5253713377049247,0.3114273999882856
snowagg,"Column aggregates, simultaneous riming",2,17121,0.0018933159206690412,1.2555856560000005e-07,0.2700884752680397,0.44778416216766204,0.2809999415921967
snowagg,"Column aggregates, simultaneous riming",3,14432,0.0022257574533200214,1.0583851520000003e-07,0.18833884665842526,0.251117211714267,0.30903547671840353
snowagg,"Column aggregates, simultaneous riming",4,15781,0.0022083503981343393,1.1573154160000005e-07,0.21607008008021145,0.20956596677076086,0.30878905012356633
snowagg,"Column aggregates, simultaneous riming",5,3013,0.0011821962564212988,2.2096136800000005e-08,0.23868891505838977,0.2608696512602883,0.5014935280451377
snowagg,"Column aggregates, simultaneous riming",6,14021,0.0021160780389687804,1.0282440560000003e-07,0.2241781981569212,0.2588819596936329,0.3345695742101134
snowagg,"Column aggregates, simultaneous riming",7,12647,0.0018095907623602947,9.274803920000003e-08,0.2875717894906375,0.3937494287393845,0.34308531667589154
snowagg,"Column aggregates, simultaneous riming",8,12860,0.0014171031606600366,9.431009600000002e-08,0.36494546441127734,0.39880581588380976,0.30357698289269053
snowagg,"Column aggregates, simultaneous riming",9,16611,0.0016627101336163215,1.2181842960000003e-07,0.40012606542171697,0.5273400652908655,0.30491842754801035
snowagg,"Column aggregates, simultaneous riming",10,7103,0.001262659312597151,5.209056080000002e-08,0.37886320306635823,0.40247818082486686,0.39771927354638886
snowagg,"Column aggregates, simultaneous riming",11,24407,0.0021262986604422608,1.7899117520000006e-07,0.27125519310360374,0.40421046295441054,0.29110501085754087
snowagg,"Column aggregates, simultaneous riming",12,8920,0.0014260869577210134,6.541571200000002e-08,0.33907577119847254,0.44349310468953546,0.36457399103139015
snowagg,"Column aggregates, simultaneous riming",13,14905,0.0018630491222934892,1.0930730800000003e-07,0.25325748485171384,0.3093424989893096,0.3113720228111372
snowagg,"Column aggregates, simultaneous riming",14,7450,0.0015063593303213563,5.4635320000000015e-08,0.24823789126021528,0.2885327315392429,0.3699328859060403
snowagg,"Column aggregates, simultaneous riming",15,15562,0.0017872173128157395,1.1412548320000003e-07,0.2881200867706293,0.4813978524585657,0.3102428993702609
snowagg,"Column aggregates, simultaneous riming",16,12401,0.0017526913025922033,9.094397360000003e-08,0.2709014309350404,0.43170076637899396,0.32924764131924844
snowagg,"Column aggregates, simultaneous riming",17,16386,0.0015763822812860503,1.2016836960000003e-07,0.3836656030678064,0.4398841416923927,0.2978152081044794
snowagg,"Column aggregates, simultaneous riming",18,15831,0.001989703274534315,1.1609822160000004e-07,0.2669387249177522,0.3342738220168124,0.3141305034426126
snowagg,"Column aggregates, simultaneous riming",19,23696,0.0024396689073802164,1.7377698560000003e-07,0.20664526688531215,0.18550075598059326,0.2929608372721134
snowagg,"Column aggregates, simultaneous riming",20,19423,0.002033903185086981,1.4244051280000004e-07,0.2633421286213166,0.4655003257401101,0.2901199608711322
snowagg,"Column aggregates, simultaneous riming",21,5798,0.001057095509671699,4.2520212800000014e-08,0.43161013373807583,0.3330162893914016,0.37047257675060363
snowagg,"Column aggregates, simultaneous riming",22,15558,0.0016956686209972439,1.1409614880000004e-07,0.35655942271769,0.33481759228964597,0.297596092042679
snowagg,"Column aggregates, simultaneous riming",23,8814,0.0012311198313425344,6.463835040000002e-08,0.4079323454419043,0.6904000160654772,0.3580667120490129
snowagg,"Column aggregates, simultaneous riming",24,9618,0.0017595418189654893,7.053456480000002e-08,0.22405159049706225,0.31975770449363905,0.33915574963609896
snowagg,"Column aggregates, simultaneous riming",25,6758,0.0012614277983064315,4.956046880000002e-08,0.28422238600629685,0.2856077625847001,0.39212784847588045
snowagg,"Column aggregates, simultaneous riming",26,13208,0.0012269713399589795,9.686218880000004e-08,0.5175981362900719,0.5990246921997622,0.29875832828588733
snowagg,"Column aggregates, simultaneous riming",27,18645,0.0018035930641357417,1.3673497200000004e-07,0.3278458376873996,0.5781953563446403,0.29289353714132477
snowagg,"Column aggregates, simultaneous riming",28,27296,0.0020187803247141223,2.0017794560000007e-07,0.3737734044004835,0.5941962265876353,0.2772567409144197
snowagg,"Column aggregates, simultaneous riming",29,12997,0.0016565532987465042,9.531479920000003e-08,0.3331376636148329,0.2825583525559284,0.3395398938216512
snowagg,"Column aggregates, simultaneous riming",30,10462,0.0015924483491471027,7.672412320000002e-08,0.25465877967347256,0.3973572760787764,0.35671955649015485
snowagg,"Column aggregates, simultaneous riming",31,11450,0.0013581615756859738,8.396972000000002e-08,0.4710274940464096,0.37716916019661817,0.3238427947598253
snowagg,"Column aggregates, simultaneous riming",32,13546,0.0016594846036631602,9.934094560000004e-08,0.307180248553211,0.3193218102635247,0.3118263694079433
snowagg,"Column aggregates, simultaneous riming",33,14396,0.0018117823018726613,1.0557450560000003e-07,0.2671721781327517,0.3448175559933195,0.3166157265907196
snowagg,"Column aggregates, simultaneous riming",34,17072,0.002090234052589107,1.2519921920000003e-07,0.2491063479620837,0.27432681818513344,0.30670103092783507
snowagg,"Column aggregates, simultaneous riming",35,14532,0.0017499132997961144,1.0657187520000004e-07,0.29404872918304276,0.46368889883949804,0.3183319570602808
snowagg,"Column aggregates, simultaneous riming",36,16012,0.0016536985770411324,1.1742560320000004e-07,0.34099322384476816,0.5447060106420741,0.3136397701723707
snowagg,"Column aggregates, simultaneous riming",37,15602,0.0014358503134265443,1.1441882720000004e-07,0.45725471675699536,0.6956112702775108,0.3141904883989232
snowagg,"Column aggregates, simultaneous riming",38,11557,0.001562962931880418,8.475441520000003e-08,0.324401120995986,0.4571340989060201,0.3285454702777537
snowagg,"Column aggregates, simultaneous riming",39,7080,0.0010886485225153754,5.192188800000002e-08,0.3669886270086419,0.49246621278008557,0.38389830508474576
snowagg,"Column aggregates, simultaneous riming",40,10814,0.0016100940447446991,7.930555040000002e-08,0.29645369131764304,0.36447869893657275,0.3406695024967635
snowagg,"Column aggregates, simultaneous riming",41,5962,0.0011022706127247503,4.3722923200000016e-08,0.37474096497863413,0.3776752772355585,0.36162361623616235
snowagg,"Column aggregates, simultaneous riming",42,13700,0.001471190634497662,1.0047032000000002e-07,0.3578997713359668,0.5310665492581168,0.30525547445255474
snowagg,"Column aggregates, simultaneous riming",43,18212,0.001718416445257379,1.3355952320000005e-07,0.41651476814635896,0.4995694471898923,0.30913683285745663
snowagg,"Column aggregates, simultaneous riming",44,15007,0.0017183687639299233,1.1005533520000003e-07,0.31494748449780713,0.526970760787629,0.31205437462517494
snowagg,"Column aggregates, simultaneous riming",45,16705,0.002119447282027568,1.2250778800000003e-07,0.23854515938251894,0.29869965395655673,0.31601316970966775
snowagg,"Column aggregates, simultaneous riming",46,11294,0.0016309046823571225,8.282567840000003e-08,0.29621242014246046,0.475976724803777,0.3348680715424119
snowagg,"Column aggregates, simultaneous riming",47,5392,0.0010407312630510385,3.954277120000001e-08,0.4452899439129213,0.37159494005947247,0.41654302670623145
snowagg,"Column aggregates, simultaneous riming",48,9632,0.0012045775875770813,7.063723520000002e-08,0.44786923147956165,0.50990581581041,0.33658637873754155
snowagg,"Column aggregates, simultaneous riming",49,5024,0.0009330934674961004,3.684400640000001e-08,0.4258446459333245,0.5143223717302723,0.37579617834394907
snowagg,"Column aggregates, simultaneous riming",50,17515,0.0020985301561442494,1.2844800400000003e-07,0.24956927729812944,0.38356762493936036,0.30333999429060804
snowagg,"Column aggregates, simultaneous riming",51,17657,0.0019305185549843803,1.2948937520000003e-07,0.23518142634224787,0.2790299920412086,0.29183893073568556
snowagg,"Column aggregates, simultaneous riming",52,10460,0.0015623363713308286,7.670945600000002e-08,0.28376572124617766,0.36847867418522595,0.3426386233269598
snowagg,"Column aggregates, simultaneous riming",53,5766,0.0011212734440242881,4.228553760000001e-08,0.35728568983974895,0.5835424905770852,0.40443981963232745
snowagg,"Column aggregates, simultaneous riming",54,8700,0.001214833667586377,6.380232000000001e-08,0.40030817615815667,0.5889216598218958,0.3487356321839081
snowagg,"Column aggregates, simultaneous riming",55,5744,0.000955317204626473,4.212419840000001e-08,0.4179811815658223,0.43840031515052,0.40668523676880225
snowagg,"Column aggregates, simultaneous riming",56,8765,0.0014273726241379521,6.427900400000002e-08,0.3112180199070491,0.30909371908843514,0.3526525955504849
snowagg,"Column aggregates, simultaneous riming",57,19458,0.0025457749290339884,1.4269718880000006e-07,0.1990514242244469,0.29919040998757135,0.3032171857333745
snowagg,"Column aggregates, simultaneous riming",58,18103,0.0022968761791861214,1.3276016080000004e-07,0.19790137131482297,0.44036040412912314,0.29856929790642434
snowagg,"Column aggregates, simultaneous riming",59,14402,0.0017286345464652773,1.0561850720000003e-07,0.29860552267539087,0.4657391239765464,0.31995556172753786
snowagg,"Column aggregates, simultaneous riming",60,5907,0.0009787739435944943,4.331957520000002e-08,0.41094604522388817,0.46299726720561646,0.35567970204841715
snowagg,"Column aggregates, simultaneous riming",61,10747,0.0014938993205825687,7.881419920000003e-08,0.32610666815698697,0.4397603465230672,0.3419558946682795
snowagg,"Column aggregates, simultaneous riming",62,15764,0.0017661528972215306,1.1560687040000004e-07,0.3051566335622388,0.40339703874214417,0.29802080690180155
snowagg,"Column aggregates, simultaneous riming",63,8954,0.0013658904795059354,6.566505440000003e-08,0.31775422542431664,0.35844787841087944,0.34085324994415905
snowagg,"Column aggregates, simultaneous riming",64,5705,0.00140367966295852,4.1838188000000014e-08,0.26132758201553535,0.27933532484080414,0.4138475021910605
snowagg,"Column aggregates, simultaneous riming",65,11337,0.0018403503424163758,8.314102320000002e-08,0.22721320180656399,0.2054811487922929,0.34180118197053894
snowagg,"Column aggregates, simultaneous riming",66,20599,0.0025276845963837355,1.5106482640000005e-07,0.2147444446349265,0.25630646721477135,0.3071508325646876
snowagg,"Column aggregates, simultaneous riming",67,11215,0.0014707409313053294,8.224632400000002e-08,0.32115310254151075,0.4708340582382144,0.3234061524743647
snowagg,"Column aggregates, simultaneous riming",68,16924,0.001903463275749261,1.2411384640000005e-07,0.29673538556268114,0.29439799100060055,0.3020562514771922
snowagg,"Column aggregates, simultaneous riming",69,18010,0.0021401893592433033,1.3207813600000004e-07,0.23661230844612965,0.2744463326750344,0.29461410327595783
snowagg,"Column aggregates, simultaneous riming",70,14498,0.0025000511174966484,1.0632253280000004e-07,0.17299052907570006,0.19673548093698084,0.31935439370947716
snowagg,"Column aggregates, simultaneous riming",71,18542,0.0019330749104112324,1.3597961120000007e-07,0.2904398417509603,0.4926295155604465,0.2938194369539424
snowagg,"Column aggregates, simultaneous riming",72,9375,0.001295674920201054,6.875250000000002e-08,0.40530733489505,0.4405863257154638,0.35424
snowagg,"Column aggregates, simultaneous riming",73,7663,0.001442697876520234,5.619737680000002e-08,0.2906937975674186,0.23438734816575818,0.3832702596894167
snowagg,"Column aggregates, simultaneous riming",74,8126,0.0015128119304171628,5.9592833600000016e-08,0.30020103002186743,0.2974763526876772,0.34309623430962344
snowagg,"Column aggregates, simultaneous riming",75,11578,0.0014898030725962977,8.490842080000002e-08,0.32124798654958503,0.3803949444939554,0.3200898255311798
snowagg,"Column aggregates, simultaneous riming",76,20131,0.0017909889847858922,1.4763270160000003e-07,0.32961853859562174,0.47450087667477364,0.29392479260841486
snowagg,"Column aggregates, simultaneous riming",77,9476,0.0017331528288525837,6.949319360000003e-08,0.21668419907195144,0.3054866530721907,0.35246939636977626
snowagg,"Column aggregates, simultaneous riming",78,10305,0.0014386111164829494,7.557274800000002e-08,0.3779849445813368,0.27334952920468275,0.3420669577874818
snowagg,"Column aggregates, simultaneous riming",79,9122,0.0015868275642731849,6.689709920000003e-08,0.2338129020510616,0.3114219284813491,0.36242052181539136
snowagg,"Column aggregates, simultaneous riming",80,11895,0.0016891888298612178,8.723317200000003e-08,0.2602383113205957,0.25290181411347956,0.32223623371164356
snowagg,"Column aggregates, simultaneous riming",81,10754,0.001383365834144578,7.886553440000002e-08,0.3731161373127676,0.41947428634165657,0.3176492467918914
snowagg,"Column aggregates, simultaneous riming",82,12057,0.0016473962121025336,8.842121520000002e-08,0.3026971634377261,0.39663384742502683,0.3243758812308203
snowagg,"Column aggregates, simultaneous riming",83,9237,0.0012641967603862815,6.774046320000002e-08,0.3498993243950979,0.4832925116265562,0.34827324889033234
snowagg,"Column aggregates, simultaneous riming",84,8898,0.001297350271084372,6.525437280000002e-08,0.3879213132270804,0.6132800449794553,0.3679478534502135
snowagg,"Column aggregates, simultaneous riming",85,7161,0.0014837941268259066,5.2515909600000016e-08,0.2861491855606482,0.21035636377091976,0.390587906716939
snowagg,"Column aggregates, simultaneous riming",86,7716,0.0012619837835652066,5.658605760000002e-08,0.3914208711839014,0.34679484050029713,0.3574390876101607
snowagg,"Column aggregates, simultaneous riming",87,14040,0.001490847315410401,1.0296374400000003e-07,0.3240060981538123,0.43012919568848684,0.31851851851851853
snowagg,"Column aggregates, simultaneous riming",88,12822,0.001775025308048459,9.403141920000003e-08,0.2668751178443311,0.35764897058111306,0.3295897675869599
snowagg,"Column aggregates, simultaneous riming",89,8585,0.0011996774473506079,6.295895600000001e-08,0.40871737919516077,0.3612405444172695,0.32323820617355853
snowagg,"Column aggregates, simultaneous riming",90,18177,0.0018731867579428927,1.3330284720000003e-07,0.301179947363302,0.33325593962954747,0.264455080596358
snowagg,"Column aggregates, simultaneous riming",91,9352,0.0014077904747194767,6.858382720000002e-08,0.3022048200765992,0.5389548098692636,0.34452523524379813
snowagg,"Column aggregates, simultaneous riming",92,9398,0.0015154994274984874,6.892117280000001e-08,0.2993590039710523,0.29238513965724144,0.3496488614598851
snowagg,"Column aggregates, simultaneous riming",93,8022,0.0013112213821300511,5.8830139200000016e-08,0.3744252587271073,0.49132420694764045,0.37496883570182
snowagg,"Column aggregates, simultaneous riming",94,6538,0.001227709061104858,4.794707680000002e-08,0.2919395472122758,0.379540700231274,0.356072193331294
snowagg,"Column aggregates, simultaneous riming",95,4475,0.001047657469073505,3.281786000000001e-08,0.37909978609662676,0.35495656029241635,0.3975418994413408
snowagg,"Column aggregates, simultaneous riming",96,7591,0.0009318017953480842,5.5669357600000015e-08,0.5484469618833776,0.4535219868973261,0.3616124357792122
snowagg,"Column aggregates, simultaneous riming",97,5534,0.0010539084323282636,4.058414240000001e-08,0.41542492391883384,0.3783666563519881,0.389230213227322
snowagg,"Column aggregates, simultaneous riming",98,14154,0.0018747149756396624,1.0379977440000004e-07,0.2576507252718206,0.33844141604424055,0.3108661862371061
snowagg,"Column aggregates, simultaneous riming",99,9666,0.0015114507904522945,7.088657760000003e-08,0.26663261097982566,0.5636755841550208,0.34905855576246636
snowagg,"Column aggregates, simultaneous riming",100,14215,0.0020312195588624597,1.0424712400000003e-07,0.23157368388602445,0.2742587796044798,0.3164966584593739
snowagg,"Column aggregates, simultaneous riming",101,15641,0.0019734238260194544,1.1470483760000003e-07,0.2794691650829553,0.46220403568736984,0.3164119941180231
snowagg,"Column aggregates, simultaneous riming",102,23629,0.002558752752646099,1.7328563440000006e-07,0.21485088080165457,0.37673086942089956,0.2810529434169876
snowagg,"Column aggregates, simultaneous riming",103,5416,0.0010989214630678138,3.9718777600000015e-08,0.3774503512940341,0.381822346120485,0.3999261447562777
snowagg,"Column aggregates, simultaneous riming",104,13688,0.001425253749002627,1.0038231680000004e-07,0.4259700890816598,0.4827199887745668,0.3085914669783752
snowagg,"Column aggregates, simultaneous riming",105,10932,0.00150690608666264,8.017091520000002e-08,0.31175436007361906,0.3434405604952053,0.32546652030735457
snowagg,"Column aggregates, simultaneous riming",106,7071,0.0013126433450235864,5.1855885600000014e-08,0.3218877932916583,0.3767797330478057,0.37123462028001697
snowagg,"Column aggregates, simultaneous riming",107,14203,0.0017915360943830752,1.0415912080000004e-07,0.28863678883079014,0.3297997971621021,0.2863479546574667
snowagg,"Column aggregates, simultaneous riming",108,5107,0.0010226072130556428,3.745269520000001e-08,0.3891340067278461,0.5227300830316481,0.4082631682005091
snowagg,"Column aggregates, simultaneous riming",109,11840,0.0014301061120898437,8.682982400000003e-08,0.35535101276506603,0.4976017324832117,0.3326013513513513
snowagg,"Column aggregates, simultaneous riming",110,6553,0.001032403963304934,4.805708080000002e-08,0.5179645842966294,0.528214571522056,0.3776896078132153
snowagg,"Column aggregates, simultaneous riming",111,14608,0.0019420408195632483,1.0712922880000004e-07,0.269534237281621,0.2791707821346895,0.32105695509309967
snowagg,"Column aggregates, simultaneous riming",112,13009,0.0016996418409220546,9.540280240000003e-08,0.28543165202171167,0.20911929340352825,0.30417403336151894
snowagg,"Column aggregates, simultaneous riming",113,12361,0.0012525690455128214,9.065062960000004e-08,0.4450452959900413,0.6543292901547174,0.29779144082194
snowagg,"Column aggregates, simultaneous riming",114,7765,0.00122923936099055,5.6945404000000014e-08,0.328625915733343,0.48525880038245306,0.33419188667095945
snowagg,"Column aggregates, simultaneous riming",115,15220,0.0015561206703914264,1.1161739200000003e-07,0.37689603798349547,0.5323238473782813,0.30630749014454667
snowagg,"Column aggregates, simultaneous riming",116,12762,0.002040645633859096,9.359140320000003e-08,0.22063350004862797,0.2863529436420689,0.3355273468108447
snowagg,"Column aggregates, simultaneous riming",117,7717,0.0014071450857259457,5.659339120000002e-08,0.2909075269100619,0.36383861946941004,0.38110664766100816
snowagg,"Column aggregates, simultaneous riming",118,10107,0.001576457320198683,7.412069520000003e-08,0.26948303372836824,0.44647203528172036,0.3519343029583457
snowagg,"Column aggregates, simultaneous riming",119,17091,0.0024105246867553273,1.2533855760000004e-07,0.19957676257867502,0.28781476111401133,0.3075887894213329
snowagg,"Column aggregates, simultaneous riming",120,26964,0.002195442943744084,1.9774319040000006e-07,0.27821251307108097,0.30926557204889943,0.27481085892300844
snowagg,"Column aggregates, simultaneous riming",121,8201,0.001579531958006888,6.014285360000002e-08,0.21291074712432503,0.291542526602266,0.38031947323497134
snowagg,"Column aggregates, simultaneous riming",122,16430,0.0016482271671010634,1.2049104800000003e-07,0.40625141338033177,0.4272768551315675,0.29628727936701155
snowagg,"Column aggregates, simultaneous riming",123,7492,0.0012728202735196937,5.494333120000002e-08,0.32945585059656274,0.3547927102173748,0.38841430859583553
snowagg,"Column aggregates, simultaneous riming",124,13688,0.0018833664021543272,1.0038231680000004e-07,0.25370967100166575,0.29489944843211485,0.31896551724137934
snowagg,"Column aggregates, simultaneous riming",125,10904,0.0015267096964221246,7.996557440000003e-08,0.34741959246149845,0.39524317735430287,0.3400586940572267
snowagg,"Column aggregates, simultaneous riming",126,19273,0.0019794364011617447,1.4134047280000005e-07,0.30312066914964303,0.3745784652936842,0.2949722409588544
snowagg,"Column aggregates, simultaneous riming",127,16311,0.001972644963472536,1.1961834960000005e-07,0.24906404795899983,0.46267068913441195,0.3127337379682423
snowagg,"Column aggregates, simultaneous riming",128,5203,0.0009882379379877295,3.815672080000001e-08,0.39685487744856324,0.4568154517525234,0.3761291562560061
snowagg,"Column aggregates, simultaneous riming",129,12894,0.0013272450032248736,9.455943840000003e-08,0.4177685656546383,0.4427055686661298,0.3068093686986195
snowagg,"Column aggregates, simultaneous riming",130,10385,0.0016646292569106574,7.615943600000002e-08,0.2613573148625154,0.2888468101034213,0.3321136254212807
snowagg,"Column aggregates, simultaneous riming",131,5660,0.0012112600193357264,4.150817600000001e-08,0.28083023708549437,0.3429261317244603,0.4028268551236749
snowagg,"Column aggregates, simultaneous riming",132,11898,0.0013522966758104118,8.725517280000002e-08,0.38126733359136317,0.6333389256916352,0.3134980669020003
snowagg,"Column aggregates, simultaneous riming",133,10203,0.0012741582802224636,7.482472080000001e-08,0.3974659806912397,0.559385939829681,0.32980495932568854
snowagg,"Column aggregates, simultaneous riming",134,10051,0.0014626387188369893,7.371001360000003e-08,0.3861418101662629,0.4177270348336532,0.36304845289025967
snowagg,"Column aggregates, simultaneous riming",135,13732,0.0014849032349978873,1.0070499520000003e-07,0.4226928414801913,0.4516569126434171,0.29799009612583743
snowagg,"Column aggregates, simultaneous riming",136,23836,0.0029485981129398478,1.7480368960000004e-07,0.18340957776559458,0.16460924529800594,0.30307098506460817
snowagg,"Column aggregates, simultaneous riming",137,14143,0.0016172544130872931,1.0371910480000004e-07,0.32304260682235786,0.45790303591669973,0.32447146998515164
snowagg,"Column aggregates, simultaneous riming",138,10581,0.0013820638875926075,7.759682160000003e-08,0.3490225746891558,0.4243047452528821,0.33087609866742274
snowagg,"Column aggregates, simultaneous riming",139,5594,0.0012332734811337808,4.102415840000001e-08,0.2903156322508899,0.4581923682220297,0.40400429031104756
snowagg,"Column aggregates, simultaneous riming",140,19273,0.002192337347598549,1.4134047280000005e-07,0.2498613867511488,0.3130679802032072,0.27857624656254865
snowagg,"Column aggregates, simultaneous riming",141,11129,0.0016796730437156624,8.161563440000002e-08,0.28539901830708286,0.40215458296559936,0.3397430137478659
snowagg,"Column aggregates, simultaneous riming",142,15656,0.0017876497322196466,1.1481484160000004e-07,0.28096845664069664,0.346838246100377,0.273122125702606
snowagg,"Column aggregates, simultaneous riming",143,13590,0.0017756788908496607,9.966362400000002e-08,0.2841234540570798,0.45093127697162055,0.3144959529065489
snowagg,"Column aggregates, simultaneous riming",144,14563,0.001523070040869752,1.0679921680000004e-07,0.36576770382831797,0.3802718150512375,0.3229417015724782
snowagg,"Column aggregates, simultaneous riming",145,10381,0.0011744766433155404,7.613010160000003e-08,0.45745949632373833,0.45143280605447866,0.32164531355360754
snowagg,"Column aggregates, simultaneous riming",146,6019,0.0012979145751337833,4.414093840000001e-08,0.2823740399199648,0.3487560146559361,0.39159328792158166
snowagg,"Column aggregates, simultaneous riming",147,11504,0.001373760133832812,8.436573440000002e-08,0.3551437539921161,0.4161089568498128,0.3350139082058414
snowagg,"Column aggregates, simultaneous riming",148,15784,0.002177157674750053,1.1575354240000003e-07,0.20457722742452847,0.28194516560610866,0.2956158134820071
snowagg,"Column aggregates, simultaneous riming",149,10679,0.0014294253441494197,7.831551440000003e-08,0.3265265123344617,0.31383190077300743,0.3345818896900459
snowagg,"Column aggregates, simultaneous riming",150,12952,0.0013781419715009028,9.498478720000002e-08,0.4344073909470672,0.42232835022103493,0.30142063001853
snowagg,"Column aggregates, simultaneous riming",151,14089,0.0013681168078609608,1.0332309040000003e-07,0.4432460126327433,0.730927973144607,0.3180495421960395
snowagg,"Column aggregates, simultaneous riming",152,17513,0.0023061529956862835,1.2843333680000004e-07,0.19966407806896708,0.24540380445782753,0.30120481927710846
snowagg,"Column aggregates, simultaneous riming",153,15743,0.0021104655369765042,1.1545286480000004e-07,0.21542419513634867,0.29661872771296566,0.3031823667661818
snowagg,"Column aggregates, simultaneous riming",154,4930,0.0010015668667722021,3.615464800000001e-08,0.43713276839491916,0.46774556910042714,0.40608519269776877
snowagg,"Column aggregates, simultaneous riming",155,14130,0.0012571274915605798,1.0362376800000003e-07,0.4247436281364488,0.615782557231532,0.30120311394196747
snowagg,"Column aggregates, simultaneous riming",156,7018,0.0010679663949975894,5.146720480000002e-08,0.40500671375487907,0.6093167214241723,0.3667711598746082
snowagg,"Column aggregates, simultaneous riming",157,9743,0.0015387348360458564,7.145126480000001e-08,0.2783407634805427,0.5253759181498946,0.3544082931335318
snowagg,"Column aggregates, simultaneous riming",158,15987,0.002028752452309044,1.1724226320000003e-07,0.2550292455562935,0.33450328180632966,0.31094013886282607
snowagg,"Column aggregates, simultaneous riming",159,15003,0.0015915022993208934,1.1002600080000005e-07,0.3390104920761377,0.5330566016972124,0.29600746517363197
snowagg,"Column aggregates, simultaneous riming",160,16697,0.0015351945128724827,1.2244911920000004e-07,0.38248689298542526,0.613145310786128,0.2981972809486734
snowagg,"Column aggregates, simultaneous riming",161,15407,0.002060638244952395,1.1298877520000003e-07,0.2406010546614448,0.21288124978066947,0.3130395274875057
snowagg,"Column aggregates, simultaneous riming",162,7228,0.0012097469875729286,5.3007260800000016e-08,0.3848895662952399,0.29345390223392304,0.35058107360265633
snowagg,"Column aggregates, simultaneous riming",163,12054,0.0016877405005778453,8.839921440000002e-08,0.2681945970843634,0.3839372578217763,0.33366517338642776
snowagg,"Column aggregates, simultaneous riming",164,5308,0.0012039952478985808,3.8926748800000014e-08,0.29722882690245667,0.3737938911842705,0.40580256217030897
snowagg,"Column aggregates, simultaneous riming",165,9683,0.001298625620866199,7.101124880000001e-08,0.36783196265296725,0.3600228630088382,0.3047609212021068
snowagg,"Column aggregates, simultaneous riming",166,11488,0.0018640116342196564,8.424839680000002e-08,0.23540648006756787,0.21706691258044705,0.3387883008356546
snowagg,"Column aggregates, simultaneous riming",167,3387,0.0007627029920965351,2.483890320000001e-08,0.5016650338303156,0.5733181504415031,0.46383229997047537
snowagg,"Column aggregates, simultaneous riming",168,16838,0.0018637580658183524,1.2348315680000004e-07,0.28708052084329067,0.3787439892386737,0.2983727283525359
snowagg,"Column aggregates, simultaneous riming",169,11831,0.0015229708057510035,8.676382160000003e-08,0.35132328588865497,0.30126366713964164,0.30910320344856734
snowagg,"Column aggregates, simultaneous riming",170,4084,0.0008500889784104497,2.995042240000001e-08,0.45879885728510733,0.6106451764071698,0.4476003917727718
snowagg,"Column aggregates, simultaneous riming",171,12215,0.0017125792965889128,8.957992400000003e-08,0.2396336580143133,0.2697645090879721,0.31919770773638967
snowagg,"Column aggregates, simultaneous riming",172,6333,0.001060413265766413,4.6443688800000015e-08,0.43344275040103986,0.49430114705375383,0.38575714511290066
snowagg,"Column aggregates, simultaneous riming",173,10104,0.001780231531794555,7.409869440000003e-08,0.2752798955194951,0.3441213729318715,0.3733174980205859
snowagg,"Column aggregates, simultaneous riming",174,4271,0.00083677637635928,3.132180560000001e-08,0.4647850458734473,0.7260446670388278,0.423554202762819
snowagg,"Column aggregates, simultaneous riming",175,5202,0.0010215318776920937,3.814938720000001e-08,0.42460540209469766,0.4523853982586766,0.3806228373702422
snowagg,"Column aggregates, simultaneous riming",176,12111,0.0017970992438232402,8.881722960000003e-08,0.24238171528941485,0.2600822920441259,0.2998100900008257
snowagg,"Column aggregates, simultaneous riming",177,17416,0.0017039123071941559,1.2772197760000006e-07,0.32961154161977785,0.4295188048228683,0.2961644464859899
snowagg,"Column aggregates, simultaneous riming",178,8206,0.001316691748814385,6.017952160000002e-08,0.3495818234151288,0.3544207757093427,0.37241043139166463
snowagg,"Column aggregates, simultaneous riming",179,3598,0.000898589193990597,2.638629280000001e-08,0.3645654978674208,0.5174720716774065,0.44469149527515284
snowagg,"Column aggregates, simultaneous riming",180,20002,0.00232454798601992,1.4668666720000005e-07,0.22875092276124082,0.3086793372841849,0.31196880311968805
snowagg,"Column aggregates, simultaneous riming",181,15218,0.0016910164558262995,1.1160272480000004e-07,0.335548530078135,0.28100627430978853,0.30713628597713233
snowagg,"Column aggregates, simultaneous riming",182,13924,0.0014481064542638568,1.0211304640000004e-07,0.48112021749334005,0.47270518221979757,0.33208848032174665
snowagg,"Column aggregates, simultaneous riming",183,7243,0.0013260753384351114,5.3117264800000017e-08,0.2823828576665382,0.31588431220492874,0.3817478945188458
snowagg,"Column aggregates, simultaneous riming",184,4377,0.0009875703222670764,3.209916720000001e-08,0.36188225164921695,0.47479183185143103,0.40141649531642676
snowagg,"Column aggregates, simultaneous riming",185,10974,0.0016021005667355964,8.047892640000003e-08,0.3188646966264498,0.3020094479825841,0.3431747767450337
snowagg,"Column aggregates, simultaneous riming",186,9287,0.001577504677595338,6.810714320000002e-08,0.26728339285681646,0.28360886357075243,0.3491978033810703
snowagg,"Column aggregates, simultaneous riming",187,12110,0.0016146700626157515,8.880989600000002e-08,0.2852038471285714,0.4058731127028208,0.3283236994219653
snowagg,"Column aggregates, simultaneous riming",188,6286,0.0012050651791468046,4.609900960000001e-08,0.32440741150594704,0.4048886674230955,0.38084632516703787
snowagg,"Column aggregates, simultaneous riming",189,4679,0.0010069389068436193,3.431391440000001e-08,0.39882683205408836,0.42075274237869376,0.39944432571062194
snowagg,"Column aggregates, simultaneous riming",190,12099,0.0017528098748050428,8.872922640000003e-08,0.2980507197117205,0.26106668179635867,0.32490288453591204
snowagg,"Column aggregates, simultaneous riming",191,13611,0.0014641189505549082,9.981762960000004e-08,0.3582768339374102,0.484589328110293,0.3020351186540298
snowagg,"Column aggregates, simultaneous riming",192,12900,0.0017033122433922374,9.460344000000002e-08,0.28946911232830785,0.34781679948669286,0.3116279069767442
snowagg,"Column aggregates, simultaneous riming",193,12440,0.0020015117782164016,9.122998400000003e-08,0.20264790894983517,0.3580288440830056,0.3369774919614148
snowagg,"Column aggregates, simultaneous riming",194,14084,0.001338678616804348,1.0328642240000003e-07,0.3987265255788653,0.5623249840289669,0.30389094007384265
snowagg,"Column aggregates, simultaneous riming",195,12000,0.0014163014571465628,8.800320000000002e-08,0.35418724199785173,0.5223224964885776,0.33
snowagg,"Column aggregates, simultaneous riming",196,13004,0.0022006806371833265,9.536613440000004e-08,0.18708200402979808,0.19594050231437105,0.3397416179637035
snowagg,"Column aggregates, simultaneous riming",197,7597,0.00101217863656017,5.571335920000002e-08,0.41707843707340625,0.5656951443265261,0.33894958536264314
snowagg,"Column aggregates, simultaneous riming",198,7046,0.0013467962195831361,5.1672545600000016e-08,0.22406252405875166,0.292700147915971,0.38802157252341757
snowagg,"Column aggregates, simultaneous riming",199,15691,0.0019261994450777145,1.1507151760000004e-07,0.2868889950891816,0.25136402162388544,0.30138295838378687
snowagg,"Column aggregates, simultaneous riming",200,15766,0.0018306616438905075,1.1562153760000004e-07,0.30956009724116607,0.49869336710840817,0.309019408854497
snowagg,"Column aggregates, simultaneous riming",201,11519,0.0014414290381460763,8.447573840000003e-08,0.3811658376370513,0.33649976491935374,0.33466446740168415
snowagg,"Column aggregates, simultaneous riming",202,10240,0.0015581268552506728,7.509606400000002e-08,0.30166391990365904,0.47501706089269596,0.35234375
snowagg,"Column aggregates, simultaneous riming",203,10165,0.0012342449275582214,7.454604400000003e-08,0.4229197174341511,0.7115715067311281,0.3481554353172651
snowagg,"Column aggregates, simultaneous riming",204,15828,0.0014244158575235225,1.1607622080000004e-07,0.474916919651895,0.5069716235381163,0.29403588577204953
snowagg,"Column aggregates, simultaneous riming",205,11908,0.0013559877031091986,8.732850880000002e-08,0.4193575659877551,0.49423742421947914,0.3444743029895868
snowagg,"Column aggregates, simultaneous riming",206,7880,0.0012045544973124248,5.7788768000000014e-08,0.4282299456516228,0.44905147351414837,0.3715736040609137
snowagg,"Column aggregates, simultaneous riming",207,18197,0.0015321257912638926,1.3344951920000004e-07,0.38662413634506165,0.6734704513488904,0.28889377369896135
snowagg,"Column aggregates, simultaneous riming",208,14494,0.0018598311507785007,1.0629319840000003e-07,0.256637704450678,0.34864087039431885,0.3070235959707465
snowagg,"Column aggregates, simultaneous riming",209,19049,0.0019821773852743726,1.3969774640000005e-07,0.29761646899393107,0.44285104604592335,0.297495931544963
snowagg,"Column aggregates, simultaneous riming",210,7357,0.0015915775417349924,5.3953295200000015e-08,0.256143850217792,0.32805026049625874,0.3856191382356939
snowagg,"Column aggregates, simultaneous riming",211,8550,0.0012028276117137674,6.270228000000001e-08,0.3763059082162046,0.42682806191306744,0.35485380116959064
snowagg,"Column aggregates, simultaneous riming",212,13162,0.0021493061977166813,9.652484320000003e-08,0.19315574497118437,0.20929013642779903,0.31727700957301325
snowagg,"Column aggregates, simultaneous riming",213,11204,0.001690013718736738,8.216565440000003e-08,0.26711695988254236,0.2753439554209323,0.34077115315958584
snowagg,"Column aggregates, simultaneous riming",214,9571,0.0013346502966750085,7.018988560000002e-08,0.3937033185951592,0.392244406756099,0.33507470483753005
snowagg,"Column aggregates, simultaneous riming",215,14508,0.001314095772650638,1.0639586880000005e-07,0.4780783626434032,0.6484368260502521,0.3056244830438379
snowagg,"Column aggregates, simultaneous riming",216,11124,0.0017543784479019965,8.157896640000003e-08,0.24258140843938453,0.34810787480221983,0.3345918734268249
snowagg,"Column aggregates, simultaneous riming",217,13376,0.0017592279377115516,9.809423360000004e-08,0.25128404847587066,0.2385260624254766,0.30771531100478466
snowagg,"Column aggregates, simultaneous riming",218,10636,0.0013963934900111385,7.800016960000002e-08,0.35600027615823165,0.4575519918210115,0.3192929672809327
snowagg,"Column aggregates, simultaneous riming",219,12751,0.001520237252783255,9.351073360000003e-08,0.3572155728518072,0.42979541800085647,0.31174025566622227
snowagg,"Column aggregates, simultaneous riming",220,6323,0.0010856707014990441,4.637035280000002e-08,0.4070284602176713,0.515827184343089,0.3670725921239918
snowagg,"Column aggregates, simultaneous riming",221,7108,0.001550794420066647,5.212722880000002e-08,0.23315727426482244,0.3358331736852805,0.3629712999437254
snowagg,"Column aggregates, simultaneous riming",222,15744,0.001970148159820927,1.1546019840000004e-07,0.2440536343866514,0.395202626433467,0.2865853658536585
snowagg,"Column aggregates, simultaneous riming",223,14594,0.0015251848013710027,1.0702655840000004e-07,0.34067068592691613,0.6533466932750178,0.311634918459641
snowagg,"Column aggregates, simultaneous riming",224,18754,0.0016729789132052398,1.3753433440000005e-07,0.4136076965745454,0.4977676109892455,0.2996694038605098
snowagg,"Column aggregates, simultaneous riming",225,14686,0.0015094758110458036,1.0770124960000003e-07,0.3705973591618976,0.4701037431581368,0.31785373825411956
snowagg,"Column aggregates, simultaneous riming",226,7040,0.0010633490359572817,5.162854400000001e-08,0.4675367785675386,0.3663393864680778,0.36875
snowagg,"Column aggregates, simultaneous riming",227,12120,0.0015429415616888963,8.888323200000002e-08,0.3288100038191768,0.28877499421495006,0.33184818481848183
snowagg,"Column aggregates, simultaneous riming",228,11554,0.0015277314554728156,8.473241440000003e-08,0.3052767876399665,0.4046750270618228,0.3233512203565865
snowagg,"Column aggregates, simultaneous riming",229,11626,0.0014856613478175563,8.526043360000003e-08,0.33527106590907946,0.40547436493357,0.3299501118183382
snowagg,"Column aggregates, simultaneous riming",230,15177,0.0015431795232073717,1.1130204720000003e-07,0.31929859963794416,0.36522425008260023,0.294458720432233
snowagg,"Column aggregates, simultaneous riming",231,17806,0.001960115617988065,1.3058208160000005e-07,0.31734442840402133,0.22691707309714212,0.2970908682466584
snowagg,"Column aggregates, simultaneous riming",232,10422,0.0015009957877438055,7.643077920000003e-08,0.33116832211628394,0.3719924028072484,0.3277681826904625
snowagg,"Column aggregates, simultaneous riming",233,8807,0.0015206215443573123,6.458701520000003e-08,0.27884414956199977,0.279867729934774,0.3382536618598842
snowagg,"Column aggregates, simultaneous riming",234,11571,0.001524272424409323,8.485708560000003e-08,0.3910567388512501,0.37214533751729156,0.3469881600553107
snowagg,"Column aggregates, simultaneous riming",235,13466,0.0014865215294649055,9.875425760000004e-08,0.3770604680166794,0.40331195551889765,0.29229169760879253
snowagg,"Column aggregates, simultaneous riming",236,13212,0.001894023271407493,9.689152320000003e-08,0.24461594684365667,0.3311405656573779,0.3383287920072661
snowagg,"Column aggregates, simultaneous riming",237,12117,0.0019064901282093824,8.886123120000002e-08,0.20737801047852564,0.21718428058300723,0.3173227696624577
snowagg,"Column aggregates, simultaneous riming",238,6141,0.0009614149062312455,4.503563760000001e-08,0.5245481451256615,0.4297923773879573,0.3870705096889757
snowagg,"Column aggregates, simultaneous riming",239,11138,0.0014119530491087085,8.168163680000002e-08,0.38702786266257005,0.4943342230841504,0.34189261985993896
snowagg,"Column aggregates, simultaneous riming",240,5050,0.0013649254331504269,3.703468000000001e-08,0.2531414388128436,0.2957296528385875,0.4384158415841584
snowagg,"Column aggregates, simultaneous riming",241,14509,0.0014653671655594522,1.0640320240000004e-07,0.3507885197537223,0.5418376984493106,0.32400578950995934
snowagg,"Column aggregates, simultaneous riming",242,4160,0.0008784222670367933,3.0507776000000006e-08,0.3887574569064104,0.4007022835525427,0.43365384615384617
snowagg,"Column aggregates, simultaneous riming",243,13606,0.0013861612435389446,9.978096160000004e-08,0.45908224171367007,0.49375393739917844,0.3054534764074673
snowagg,"Column aggregates, simultaneous riming",244,8741,0.001383197237549383,6.410299760000001e-08,0.31890307152416064,0.38526188293133395,0.36643404644777483
snowagg,"Column aggregates, simultaneous riming",245,12033,0.0015418540908713279,8.824520880000002e-08,0.37383416250131957,0.27929927383335934,0.31538269758165044
snowagg,"Column aggregates, simultaneous riming",246,18884,0.00263095672592264,1.3848770240000005e-07,0.1693744974201059,0.3228725149052327,0.29389959754289346
snowagg,"Column aggregates, simultaneous riming",247,14415,0.0019055456880904533,1.0571384400000003e-07,0.2698587134773172,0.3095893754617646,0.32056885189039197
snowagg,"Column aggregates, simultaneous riming",248,12782,0.001821552450031182,9.373807520000003e-08,0.2833468865126202,0.25451757506602773,0.31294007197621654
snowagg,"Column aggregates, simultaneous riming",249,9063,0.0010462300705575346,6.646441680000002e-08,0.5364694811092862,0.5530210006587548,0.3485600794438927
snowagg,"Column aggregates, simultaneous riming",250,13447,0.0013698650938092684,9.861491920000003e-08,0.4301736236271207,0.5186372606199892,0.32044322153640215
snowagg,"Column aggregates, simultaneous riming",251,6547,0.0010580230416019278,4.801307920000001e-08,0.3839921135286108,0.5508372962620797,0.37559187414082784
snowagg,"Column aggregates, simultaneous riming",252,9550,0.0015211304326452641,7.003588000000002e-08,0.2927445648149216,0.32270263198960053,0.3419895287958115
snowagg,"Column aggregates, simultaneous riming",253,12304,0.0018119019602234688,9.023261440000003e-08,0.2691536039776658,0.2943259999719599,0.3213589076723017
snowagg,"Column aggregates, simultaneous riming",254,8606,0.001372214998473972,6.311296160000002e-08,0.30671770128908293,0.34426439066705844,0.34417848013014174
snowagg,"Column aggregates, simultaneous riming",255,16678,0.002150243003291758,1.2230978080000005e-07,0.23143075704823488,0.4129480066979901,0.31190790262621415
snowagg,"Column aggregates, simultaneous riming",256,18707,0.002148277332760977,1.3718965520000006e-07,0.2326269487771569,0.2797258381876673,0.28807398300101567
snowagg,"Column aggregates, simultaneous riming",257,9521,0.001412205123112367,6.982320560000003e-08,0.3544573699674675,0.33146819370025615,0.3305325070895914
snowagg,"Column aggregates, simultaneous riming",258,7587,0.001176030935379499,5.564002320000002e-08,0.4231093734902325,0.39363508450914186,0.38025570054039803
snowagg,"Column aggregates, simultaneous riming",259,6000,0.0009598191211882631,4.400160000000001e-08,0.5218711743257543,0.5410100235729383,0.4036666666666667
snowagg,"Column aggregates, simultaneous riming",260,12351,0.0015512621088761306,9.057729360000003e-08,0.35407534079880587,0.4286633200596765,0.3012711521334305
snowagg,"Column aggregates, simultaneous riming",261,7247,0.0011525134385388471,5.314659920000002e-08,0.403744375267634,0.3685078339270678,0.3473161308127501
snowagg,"Column aggregates, simultaneous riming",262,9042,0.0013960522474611452,6.631041120000001e-08,0.33343980253698285,0.42615798918780506,0.336208803362088
snowagg,"Column aggregates, simultaneous riming",263,17462,0.0018492689967250712,1.2805932320000005e-07,0.3304663432110576,0.44334711616064926,0.31187721910434085
snowagg,"Column aggregates, simultaneous riming",264,5327,0.0010897946641294693,3.9066087200000015e-08,0.41338792758760234,0.5225683369403865,0.42782053688755395
snowagg,"Column aggregates, simultaneous riming",265,11348,0.001392189308450883,8.322169280000002e-08,0.3426502972899785,0.6740104527280115,0.3054282692985548
snowagg,"Column aggregates, simultaneous riming",266,10318,0.0015606731611456403,7.566808480000001e-08,0.3427087080413199,0.26420195915565287,0.3417328939716999
snowagg,"Column aggregates, simultaneous riming",267,9930,0.001518959796795879,7.282264800000002e-08,0.31366902163059107,0.30285939241378773,0.3387713997985901
snowagg,"Column aggregates, simultaneous riming",268,7290,0.0012644078501973404,5.3461944000000014e-08,0.3727190621372804,0.6241460231187164,0.355281207133059
snowagg,"Column aggregates, simultaneous riming",269,16057,0.0017104572664956336,1.1775561520000004e-07,0.34032387293642663,0.46656980765335615,0.31095472379647504
snowagg,"Column aggregates, simultaneous riming",270,15389,0.001935550630267283,1.1285677040000004e-07,0.2708010673898252,0.3850786527452625,0.30911690168302036
snowagg,"Column aggregates, simultaneous riming",271,12628,0.0014692698543177615,9.260870080000004e-08,0.3541177254881951,0.46172939982034755,0.30218561925879
snowagg,"Column aggregates, simultaneous riming",272,19975,0.0014319797763551673,1.4648866000000005e-07,0.4704097510200758,0.7717253220554017,0.28290362953692116
snowagg,"Column aggregates, simultaneous riming",273,3402,0.0009296560017045303,2.494890720000001e-08,0.3883389659046234,0.4560740084872323,0.4697236919459142
snowagg,"Column aggregates, simultaneous riming",274,13589,0.0017378533116701252,9.965629040000003e-08,0.29510864157012406,0.3164872998282542,0.31635881963352713
snowagg,"Column aggregates, simultaneous riming",275,16558,0.0018221582747918069,1.2142974880000005e-07,0.3535646560913394,0.5147837278581839,0.3111486894552482
snowagg,"Column aggregates, simultaneous riming",276,9515,0.0016935167642365835,6.977920400000002e-08,0.2223286539384031,0.2553444317937079,0.36563321071991595
snowagg,"Column aggregates, simultaneous riming",277,12528,0.0016216062179154843,9.187534080000004e-08,0.3519121289012835,0.3693357003574589,0.34770114942528735
snowagg,"Column aggregates, simultaneous riming",278,6019,0.0015967858951938564,4.414093840000001e-08,0.21832169601263807,0.302799914117484,0.4138561222794484
snowagg,"Column aggregates, simultaneous riming",279,9603,0.0015603311086357888,7.042456080000002e-08,0.3093889150888837,0.48864079678857647,0.3570759137769447
snowagg,"Column aggregates, simultaneous riming",280,7641,0.0013699099710470692,5.603603760000002e-08,0.30449412201794107,0.28198782517041543,0.3568904593639576
snowagg,"Column aggregates, simultaneous riming",281,8000,0.001344552407107609,5.8668800000000016e-08,0.3343993001336601,0.31062872828525984,0.344
snowagg,"Column aggregates, simultaneous riming",282,7878,0.0012811228036164618,5.777410080000002e-08,0.38446772972296334,0.4054562267843322,0.3511043412033511
snowagg,"Column aggregates, simultaneous riming",283,9562,0.0014785454788220972,7.012388320000003e-08,0.307753890895598,0.24820740776025962,0.32880150596109603
snowagg,"Column aggregates, simultaneous riming",284,11560,0.001284749885840102,8.477641600000002e-08,0.4356800071708692,0.41284683546742323,0.30190311418685123
snowagg,"Column aggregates, simultaneous riming",285,17006,0.0015832946281064543,1.2471520160000005e-07,0.3435502279356882,0.6638701143779714,0.3043631659414324
snowagg,"Column aggregates, simultaneous riming",286,17460,0.0017499432501716105,1.2804465600000003e-07,0.33877644709469035,0.3757218808842612,0.2993127147766323
snowagg,"Column aggregates, simultaneous riming",287,9638,0.0015777713339649095,7.068123680000002e-08,0.3042236383898499,0.3478482691617974,0.35443037974683544
snowagg,"Column aggregates, simultaneous riming",288,21357,0.0020545767976633406,1.5662369520000006e-07,0.30210622619319527,0.43200153192227514,0.29325279767757645
snowagg,"Column aggregates, simultaneous riming",289,14756,0.002345525130689785,1.0821460160000004e-07,0.1616345388056392,0.26516922197824766,0.32800216860937925
snowagg,"Column aggregates, simultaneous riming",290,9855,0.0013627569614020445,7.227262800000002e-08,0.3556913203723984,0.44914259460569167,0.34733637747336377
snowagg,"Column aggregates, simultaneous riming",291,14315,0.0016647693351910676,1.0498048400000003e-07,0.23962910521692377,0.45204409726705347,0.28899755501222496
snowagg,"Column aggregates, simultaneous riming",292,6498,0.001164865097477238,4.765373280000002e-08,0.39823023331532403,0.43509545285885176,0.3708833487226839
snowagg,"Column aggregates, simultaneous riming",293,14994,0.0014852637623849765,1.0995999840000004e-07,0.3511495802180844,0.4164998298389931,0.30438842203548083
snowagg,"Column aggregates, simultaneous riming",294,14990,0.001659954056674845,1.0993066400000003e-07,0.3683708639028935,0.4178298279496464,0.3211474316210807
snowagg,"Column aggregates, simultaneous riming",295,7908,0.0013354277482397435,5.799410880000002e-08,0.3072851616357256,0.5354616528536993,0.37733940313606473
snowagg,"Column aggregates, simultaneous riming",296,14595,0.0019918538883776293,1.0703389200000004e-07,0.211678042193621,0.2513937011650048,0.3249743062692703
snowagg,"Column aggregates, simultaneous riming",297,16784,0.001435765784445887,1.2308714240000004e-07,0.4454496660433458,0.5371929311218384,0.2979027645376549
snowagg,"Column aggregates, simultaneous riming",298,8500,0.0014301900130636455,6.233560000000001e-08,0.2738894557344572,0.2988576184375583,0.3628235294117647
snowagg,"Column aggregates, simultaneous riming",299,8257,0.0011827223539700052,6.055353520000002e-08,0.4197916605445223,0.4641557001852828,0.36950466271042753
original,Rimed dendrite aggregates,0,31715,0.0028228330787050553,2.3258512400000007e-07,0.37211049165388427,0.4767165680353,0.6703767933154658
original,Rimed dendrite aggregates,1,31526,0.0033373580430560153,2.3119907360000008e-07,0.3446378892449404,0.30072328715601593,0.7149019856626276
original,Rimed dendrite aggregates,2,5238,0.0013352534515685276,3.8413396800000015e-08,0.37020961413714415,0.4719659198746632,0.8161512027491409
original,Rimed dendrite aggregates,3,25090,0.002489450777757893,1.8400002400000004e-07,0.431031009062067,0.4733494443932224,0.6487445197289757
original,Rimed dendrite aggregates,4,33995,0.002802178926199073,2.493057320000001e-07,0.3239767744811121,0.5043515815375598,0.6680982497426092
original,Rimed dendrite aggregates,5,38302,0.003033754591573658,2.8089154720000007e-07,0.31237276581281204,0.3682269730293582,0.672027570361861
original,Rimed dendrite aggregates,6,18201,0.0020486292532214804,1.3347885360000005e-07,0.35580114073303226,0.5069757869871473,0.6989725839239602
original,Rimed dendrite aggregates,7,25155,0.0023032798729138012,1.8447670800000004e-07,0.4269173591762283,0.43083833566565816,0.6929437487577023
original,Rimed dendrite aggregates,8,24704,0.002530151746441177,1.8116925440000005e-07,0.43525491803475314,0.17873541160719741,0.6892406088082902
original,Rimed dendrite aggregates,9,24252,0.0024883424597490792,1.7785446720000007e-07,0.26715655227530266,0.30320725560040734,0.6940046181758206
original,Rimed dendrite aggregates,10,28180,0.0032143957732813757,2.0666084800000006e-07,0.24911888468433438,0.3328236758804667,0.736444286728176
original,Rimed dendrite aggregates,11,18329,0.002273306090862491,1.3441755440000004e-07,0.4069107484164498,0.4131357993781901,0.7200611053521742
original,Rimed dendrite aggregates,12,21117,0.002389274615385653,1.5486363120000006e-07,0.34338860785256253,0.4821356156027832,0.7015201022872567
original,Rimed dendrite aggregates,13,19964,0.002849439561438819,1.4640799040000005e-07,0.23961531550278486,0.524123304928613,0.7343217792025646
original,Rimed dendrite aggregates,14,29474,0.0027499232060929075,2.1615052640000008e-07,0.2772744452322141,0.313046476917296,0.6747981271629232
original,Rimed dendrite aggregates,15,42310,0.0037988297541968535,3.1028461600000006e-07,0.29186092706908895,0.22502133537589142,0.6912313873788702
original,Rimed dendrite aggregates,16,10581,0.001969833279871973,7.759682160000003e-08,0.3312840444552817,0.33053589873913347,0.8225120499007655
original,Rimed dendrite aggregates,17,23180,0.003171057942113762,1.6999284800000004e-07,0.22933385580693602,0.34845953933639756,0.7584124245038827
original,Rimed dendrite aggregates,18,17674,0.0026143272408862116,1.2961404640000005e-07,0.3043983362719834,0.4708946746601978,0.8052506506733054
original,Rimed dendrite aggregates,19,13198,0.0022056590070261587,9.678885280000004e-08,0.3077802137230068,0.41838752912444316,0.7920897105622063
original,Rimed dendrite aggregates,20,30045,0.0032578822278162274,2.2033801200000007e-07,0.2514858235541516,0.29895730798628783,0.710667332334831
original,Rimed dendrite aggregates,21,26270,0.0027545255980517282,1.9265367200000005e-07,0.31648868050203044,0.46960813717333955,0.6981347544727826
original,Rimed dendrite aggregates,22,39578,0.0039840281813032724,2.902492208000001e-07,0.16720389095976404,0.23452774675803956,0.6854060336550609
original,Rimed dendrite aggregates,23,31007,0.0027475391856644892,2.2739293520000008e-07,0.33577623917164684,0.4271848208156352,0.6686554648950237
original,Rimed dendrite aggregates,24,50635,0.0039652746004246835,3.713368360000001e-07,0.29446605048179497,0.38705202348996637,0.6320726770020737
original,Rimed dendrite aggregates,25,13596,0.0016898494366130814,9.970762560000003e-08,0.5063367852889523,0.3255596297829458,0.6938805531038541
original,Rimed dendrite aggregates,26,29709,0.002847641461976862,2.1787392240000008e-07,0.2863942783259783,0.4083003392547967,0.6749806455956108
original,Rimed dendrite aggregates,27,22616,0.0024503579247855613,1.6585669760000004e-07,0.4152909489178767,0.3679472924858617,0.6972497347010965
original,Rimed dendrite aggregates,28,46751,0.0030519009621104765,3.4285313360000014e-07,0.45231372217155746,0.5189216982832774,0.6475797309148468
original,Rimed dendrite aggregates,29,31496,0.003336928714615845,2.309790656000001e-07,0.28165400838450905,0.2896667909746413,0.6873253746507493
original,Rimed dendrite aggregates,30,40235,0.0032219624208342434,2.950673960000001e-07,0.37707657055889776,0.26674201185687785,0.6702373555362247
original,Rimed dendrite aggregates,31,16120,0.0020871614122701253,1.1821763200000004e-07,0.42205129592700513,0.2532913386404478,0.6875930521091811
original,Rimed dendrite aggregates,32,32483,0.003077498656697942,2.3821732880000009e-07,0.33947684335731126,0.47033534392590304,0.7102484376443062
original,Rimed dendrite aggregates,33,49210,0.003939249395794897,3.608864560000001e-07,0.2784478158709105,0.32483428084262167,0.6296890875838245
original,Rimed dendrite aggregates,34,37553,0.003497348389934009,2.753986808000001e-07,0.29359119782439613,0.498975185775919,0.6795994993742178
original,Rimed dendrite aggregates,35,31687,0.002659455278827237,2.3237978320000007e-07,0.3822939736322146,0.5291614569125309,0.6746930918042099
original,Rimed dendrite aggregates,36,12302,0.0020889866025732883,9.021794720000003e-08,0.3252638283039226,0.41774969862535866,0.8169403349048935
original,Rimed dendrite aggregates,37,44497,0.003279898729741432,3.263231992000001e-07,0.2775204907458569,0.19177667705650345,0.6517293300671956
original,Rimed dendrite aggregates,38,11110,0.0020261700737636834,8.147629600000002e-08,0.3618718043509601,0.39945061032056417,0.7992799279927992
original,Rimed dendrite aggregates,39,31026,0.0029712442899032785,2.275322736000001e-07,0.3370194320395796,0.461890419418499,0.6703732353509959
original,Rimed dendrite aggregates,40,13630,0.0025279887537543962,9.995696800000003e-08,0.29757342828466693,0.3436109156388158,0.8233308877476155
original,Rimed dendrite aggregates,41,19033,0.0021366498530514424,1.3958040880000005e-07,0.5320233798172571,0.4475131671630828,0.7172279724688698
original,Rimed dendrite aggregates,42,35029,0.002861982253593515,2.5688867440000006e-07,0.38108851312335923,0.5008872273787776,0.5705558251734277
original,Rimed dendrite aggregates,43,76976,0.00448169692897114,5.645111936000001e-07,0.27683961153044956,0.46571561369997627,0.6238308044065682
original,Rimed dendrite aggregates,44,33004,0.002989187651349019,2.4203813440000006e-07,0.32654465033947244,0.4322234782324017,0.6616167737243971
original,Rimed dendrite aggregates,45,21352,0.0024781878565101117,1.5658702720000006e-07,0.3170340866517501,0.2276978820384288,0.6971712251779693
original,Rimed dendrite aggregates,46,34797,0.0026548668218955994,2.5518727920000007e-07,0.3305070973339882,0.444951351443373,0.627841480587407
original,Rimed dendrite aggregates,47,19930,0.0021204565648425553,1.4615864800000005e-07,0.46802781180797215,0.5595470821087268,0.6867536377320622
original,Rimed dendrite aggregates,48,20391,0.0023577502083194364,1.4953943760000005e-07,0.3924858357734485,0.5369844520064675,0.7245843754597616
original,Rimed dendrite aggregates,49,40477,0.003253152957718403,2.968421272000001e-07,0.44784135079612397,0.3357368136532094,0.6861427477332807
original,Rimed dendrite aggregates,50,57687,0.004480012316802826,4.2305338320000016e-07,0.24921111312788438,0.34302234570401324,0.6324648534331825
original,Rimed dendrite aggregates,51,16714,0.0022838662659526968,1.2257379040000004e-07,0.23580114276997152,0.35559006671449767,0.7302859877946631
original,Rimed dendrite aggregates,52,15279,0.00264572513031157,1.1205007440000004e-07,0.23944652976793399,0.3759892800721218,0.8096734079455462
original,Rimed dendrite aggregates,53,26444,0.002829649793786723,1.9392971840000006e-07,0.2433602804596929,0.25628733044818824,0.7001210104371502
original,Rimed dendrite aggregates,54,33538,0.002713641086864693,2.4595427680000007e-07,0.39788692826186484,0.4645856670654727,0.6701950026835232
original,Rimed dendrite aggregates,55,44250,0.0031853605495705244,3.245118000000001e-07,0.43458076224297976,0.4232266956353485,0.6438644067796611
original,Rimed dendrite aggregates,56,31306,0.0026991698026881767,2.2958568160000009e-07,0.22118016193731796,0.3656498086336421,0.6872165080176325
original,Rimed dendrite aggregates,57,29509,0.0030748204829879446,2.1640720240000006e-07,0.22102026535709282,0.2832817871798454,0.7030736385509505
original,Rimed dendrite aggregates,58,10372,0.002006728402497848,7.606409920000003e-08,0.3409673566291596,0.346915676402004,0.8075588121866564
original,Rimed dendrite aggregates,59,31098,0.002536417321268882,2.2806029280000009e-07,0.3863211732111917,0.5711390291111598,0.6390764679400605
original,Rimed dendrite aggregates,60,33622,0.0033891792467377136,2.465702992000001e-07,0.33076523788934586,0.17254432751200424,0.7058176194158586
original,Rimed dendrite aggregates,61,30040,0.002648866021915694,2.2030134400000007e-07,0.27858331077272463,0.3704215223845222,0.6579893475366179
original,Rimed dendrite aggregates,62,50627,0.0042883574110881995,3.7127816720000014e-07,0.1891234031725564,0.314925820589005,0.6217038339226104
original,Rimed dendrite aggregates,63,28195,0.0028571049065660888,2.0677085200000006e-07,0.3855726417615741,0.22694429505729619,0.6818939528285157
original,Rimed dendrite aggregates,64,14635,0.0016563155173538618,1.0732723600000003e-07,0.5391139637593567,0.5830287754242054,0.6784420908780321
original,Rimed dendrite aggregates,65,20872,0.0023367117498209996,1.5306689920000005e-07,0.4253286796613219,0.2804524171753138,0.6994538137217324
original,Rimed dendrite aggregates,66,44626,0.0036112480112535724,3.272692336000001e-07,0.24181677577272676,0.3052833379946346,0.6342939093801819
original,Rimed dendrite aggregates,67,31050,0.0028403495567078684,2.2770828000000005e-07,0.19860274457361904,0.28197142010087944,0.6976489533011272
original,Rimed dendrite aggregates,68,16830,0.002243703969789228,1.2342448800000003e-07,0.3740145071970851,0.3568944569176421,0.7910873440285205
original,Rimed dendrite aggregates,69,8740,0.0017155577286117711,6.409566400000002e-08,0.3694513994605915,0.36940787840479555,0.8204805491990846
original,Rimed dendrite aggregates,70,35348,0.0033311640435056238,2.592280928000001e-07,0.26229759254418133,0.4158740788372047,0.6762475953377843
original,Rimed dendrite aggregates,71,28828,0.0026239468641015484,2.1141302080000007e-07,0.3691140556970969,0.49428037604387715,0.666678229499098
original,Rimed dendrite aggregates,72,16477,0.002493223531534847,1.2083572720000004e-07,0.35787413001216,0.3325477793248059,0.8147721065727984
original,Rimed dendrite aggregates,73,47780,0.004006764498548399,3.503994080000001e-07,0.3200911317320264,0.21746818216772634,0.6803055671829217
original,Rimed dendrite aggregates,74,26921,0.0029227617237099425,1.9742784560000008e-07,0.31025627603860473,0.4923088811349246,0.6916533561160433
original,Rimed dendrite aggregates,75,46429,0.003394471344399484,3.404917144000001e-07,0.3886095739146083,0.39393908874095507,0.63337569191669
original,Rimed dendrite aggregates,76,37242,0.0027292496566800146,2.7311793120000006e-07,0.4708837075753856,0.6253709106907761,0.6407819128940444
original,Rimed dendrite aggregates,77,19299,0.0019356554819553674,1.4153114640000003e-07,0.5343391928167581,0.3322371962502285,0.6835069174568631
original,Rimed dendrite aggregates,78,40008,0.003017022488213307,2.934026688000001e-07,0.42383386296262904,0.36342620939126163,0.641746650669866
original,Rimed dendrite aggregates,79,17798,0.002496931688281497,1.3052341280000004e-07,0.327567767352361,0.47788681891045265,0.8046971569839307
original,Rimed dendrite aggregates,80,22253,0.0025756361841245074,1.6319460080000004e-07,0.2803701948278054,0.5087811496816309,0.6984226845818541
original,Rimed dendrite aggregates,81,15424,0.002851370801621987,1.1311344640000004e-07,0.22125006590839963,0.32532470215906667,0.8160658713692946
original,Rimed dendrite aggregates,82,56919,0.0038048430008235457,4.1742117840000017e-07,0.3337884490657256,0.4115324593534027,0.6287004339499991
original,Rimed dendrite aggregates,83,16323,0.0019178730597359992,1.1970635280000005e-07,0.5235245714464463,0.5998155703038415,0.7804325185321326
original,Rimed dendrite aggregates,84,15439,0.0019854121049660165,1.1322345040000003e-07,0.36499526565311835,0.622137067390119,0.7082712610920396
original,Rimed dendrite aggregates,85,17292,0.0020711344904614385,1.2681261120000005e-07,0.41946636772908946,0.3973835309252354,0.7184825352764284
original,Rimed dendrite aggregates,86,28836,0.0026287042322134875,2.114716896000001e-07,0.2802197709722185,0.3579943763389881,0.6984325149119157
original,Rimed dendrite aggregates,87,38848,0.0027726925560003727,2.8489569280000007e-07,0.412785495236212,0.5241674390264729,0.582706960461285
original,Rimed dendrite aggregates,88,19321,0.0023640388443203924,1.4169248560000003e-07,0.29690121395404356,0.3616326417502992,0.74028259406863
original,Rimed dendrite aggregates,89,9099,0.0015972966992204333,6.672842640000003e-08,0.4012314608047708,0.5539370988518966,0.7922848664688428
original,Rimed dendrite aggregates,90,41472,0.003418941544407362,3.041390592000001e-07,0.3097385587742399,0.4938117277272864,0.6626157407407407
original,Rimed dendrite aggregates,91,18949,0.0018450130677140247,1.3896438640000006e-07,0.544593684478695,0.3817356664870098,0.6983481977940789
original,Rimed dendrite aggregates,92,61334,0.0032291837461818295,4.4979902240000016e-07,0.4230607877117193,0.6843496954985663,0.5835425701894544
original,Rimed dendrite aggregates,93,21682,0.0025714358014545195,1.5900711520000005e-07,0.36701316467392087,0.3455805825466201,0.7578636657134951
original,Rimed dendrite aggregates,94,14660,0.001681360884334794,1.0751057600000003e-07,0.4644416333152494,0.3771970230002667,0.7006821282401091
original,Rimed dendrite aggregates,95,30502,0.002885188503344645,2.2368946720000008e-07,0.3881980508256276,0.28134843702362744,0.6826437610648483
original,Rimed dendrite aggregates,96,20999,0.002460266328493756,1.5399826640000005e-07,0.4038751214648515,0.2657284800450098,0.7312729177579885
original,Rimed dendrite aggregates,97,33959,0.002917744407520419,2.490417224000001e-07,0.3652854882680272,0.4406010904804366,0.6571159339203156
original,Rimed dendrite aggregates,98,33040,0.003184691258111321,2.4230214400000004e-07,0.29019380228526515,0.4754516824695138,0.6842009685230024
original,Rimed dendrite aggregates,99,39344,0.003476594779788836,2.885331584000001e-07,0.3151835627574811,0.46540553994566225,0.6938542090280602
original,Rimed dendrite aggregates,100,26637,0.0027079053532657574,1.9534510320000008e-07,0.3536645608799011,0.4020298384352607,0.6680932537447911
original,Rimed dendrite aggregates,101,39063,0.0031708220634128663,2.864724168000001e-07,0.34415327726552997,0.522366477145412,0.6622635230269053
original,Rimed dendrite aggregates,102,8329,0.0016798023398124544,6.108155440000002e-08,0.4030347280265108,0.38165072030276265,0.812222355624925
original,Rimed dendrite aggregates,103,11330,0.001743375912726438,8.308968800000002e-08,0.33295527094602906,0.4359096179224152,0.7819947043248014
original,Rimed dendrite aggregates,104,15119,0.0027050323341533387,1.1087669840000003e-07,0.2612183927118628,0.3670419403643092,0.8212844764865401
original,Rimed dendrite aggregates,105,7709,0.0015631304690048938,5.653472240000002e-08,0.3947840767613348,0.47257086947687127,0.8062005448177455
original,Rimed dendrite aggregates,106,43226,0.0033551036539037574,3.1700219360000014e-07,0.4007687979379454,0.36224749953753327,0.6441030861055846
original,Rimed dendrite aggregates,107,26562,0.0026652133969497062,1.9479508320000007e-07,0.2801951991019835,0.3382166375967946,0.70755214215797
original,Rimed dendrite aggregates,108,28646,0.002360457331421954,2.1007830560000008e-07,0.4892084005471495,0.6026586783479935,0.6556936396006423
original,Rimed dendrite aggregates,109,28255,0.003263545606074778,2.0721086800000007e-07,0.2517135637457644,0.3742843826031767,0.7440099097504866
original,Rimed dendrite aggregates,110,12290,0.0020055533371552787,9.012994400000002e-08,0.24792159918294693,0.31520188700713386,0.8139951179820992
original,Rimed dendrite aggregates,111,18866,0.002897994820570358,1.3835569760000003e-07,0.23420015033607205,0.2702517993068016,0.7304145022792324
original,Rimed dendrite aggregates,112,21180,0.002575035304061176,1.5532564800000004e-07,0.2977827495840947,0.3601293197230533,0.7257318224740321
original,Rimed dendrite aggregates,113,58873,0.004755325634953977,4.3175103280000014e-07,0.1740060265635062,0.2175504949183081,0.6879044723387631
original,Rimed dendrite aggregates,114,16944,0.0021091322601239715,1.2426051840000004e-07,0.4001378747188772,0.5939873567990457,0.7013692162417375
original,Rimed dendrite aggregates,115,26144,0.0029517329718037576,1.9172963840000005e-07,0.3298572448439862,0.35071064293225496,0.7145807833537332
original,Rimed dendrite aggregates,116,33957,0.002805055269744468,2.490270552000001e-07,0.4042217770265195,0.37692749883481524,0.6647524810790116
original,Rimed dendrite aggregates,117,26434,0.002667903608809228,1.9385638240000005e-07,0.29530058672094395,0.5231447612766831,0.7036770825452069
original,Rimed dendrite aggregates,118,61310,0.004222755300669184,4.496230160000001e-07,0.2643350186626577,0.33411756014156396,0.6544283151198825
original,Rimed dendrite aggregates,119,30515,0.002791478507133264,2.2378480400000007e-07,0.48901168535515144,0.229454099755453,0.7172865803703097
original,Rimed dendrite aggregates,120,10115,0.0017017935262281189,7.417936400000002e-08,0.38072752550560546,0.41422769046308555,0.7987147800296589
original,Rimed dendrite aggregates,121,27082,0.002272702437869166,1.9860855520000007e-07,0.5028693087412156,0.37533170914920966,0.6692267927036408
original,Rimed dendrite aggregates,122,24463,0.00230210129192008,1.7940185680000005e-07,0.46233482731042225,0.4568550428437755,0.7181866492253608
original,Rimed dendrite aggregates,123,8144,0.0014105820109337332,5.972483840000003e-08,0.39443556469848323,0.49370578018357997,0.7848722986247544
original,Rimed dendrite aggregates,124,13855,0.002269866559717435,1.0160702800000003e-07,0.3594126271457367,0.3009819935104781,0.8243233489714904
original,Rimed dendrite aggregates,125,19380,0.0025638717377929115,1.4212516800000004e-07,0.26807333586285986,0.28999671749826816,0.7349329205366357
original,Rimed dendrite aggregates,126,19682,0.0019241090258422609,1.4433991520000006e-07,0.48120547662702734,0.5178018729838819,0.7004877553094198
original,Rimed dendrite aggregates,127,11896,0.0018746027800716444,8.724050560000003e-08,0.34391358765186747,0.49476252018543027,0.8017821116341628
original,Rimed dendrite aggregates,128,24461,0.0026424083666531143,1.7938718960000004e-07,0.3944635885563221,0.3417320359614473,0.7492743550958669
original,Rimed dendrite aggregates,129,48841,0.0034947368925312794,3.581803576000001e-07,0.32872494937408697,0.44791994706721894,0.6355520976228988
original,Rimed dendrite aggregates,130,52623,0.003936927453245491,3.8591603280000013e-07,0.2922157218701407,0.32326651096518966,0.6445090549759611
original,Rimed dendrite aggregates,131,18186,0.002002099217885225,1.3336884960000004e-07,0.4224648374611535,0.47382895000795944,0.7093368525239195
original,Rimed dendrite aggregates,132,21382,0.002452480196325547,1.5680703520000007e-07,0.2876435489985849,0.3608695380724674,0.7306145355906838
original,Rimed dendrite aggregates,133,13537,0.0019026141266720016,9.927494320000003e-08,0.36917518965077445,0.4523181805178939,0.7130826623328654
original,Rimed dendrite aggregates,134,53234,0.0029976772953338596,3.9039686240000014e-07,0.4447377611680099,0.6724543237392457,0.5984521170680392
original,Rimed dendrite aggregates,135,54435,0.00417772546098874,3.992045160000001e-07,0.34596208573090353,0.4246385423012458,0.6596491228070176
original,Rimed dendrite aggregates,136,30032,0.0027444337223671393,2.2024267520000008e-07,0.4393164671943675,0.3234865850453511,0.6699520511454449
original,Rimed dendrite aggregates,137,40658,0.003395957127914859,2.981695088000001e-07,0.31279726999291996,0.4608687937283877,0.6219440208569039
original,Rimed dendrite aggregates,138,57166,0.003626726373071397,4.1923257760000014e-07,0.38430058406206236,0.5946297010954116,0.6158555784907113
original,Rimed dendrite aggregates,139,33400,0.0027059177079487282,2.4494224000000005e-07,0.42165462904090645,0.2582364445166752,0.6270658682634731
original,Rimed dendrite aggregates,140,36319,0.003772000468387535,2.6634901840000007e-07,0.2615208395965321,0.3052005983835913,0.6735042264379526
original,Rimed dendrite aggregates,141,40050,0.003524756357807213,2.937106800000001e-07,0.3240103150236382,0.34230340476891064,0.6825468164794007
original,Rimed dendrite aggregates,142,68118,0.0048702893015598655,4.995501648000002e-07,0.2319771273907484,0.3201656182398295,0.6523973105493408
original,Rimed dendrite aggregates,143,18127,0.0022230941048697467,1.3293616720000003e-07,0.45219008427857404,0.5393555451602267,0.7877199757268164
original,Rimed dendrite aggregates,144,31633,0.003115823820163858,2.3198376880000007e-07,0.2843830652450591,0.32194544038900996,0.6851389371858502
original,Rimed dendrite aggregates,145,38446,0.003254601822746409,2.819475856000001e-07,0.39267833320932233,0.2768289508358769,0.6774176767414035
original,Rimed dendrite aggregates,146,35272,0.0029988087540909784,2.586707392000001e-07,0.27954242033594146,0.28383885533124437,0.6712689952370152
original,Rimed dendrite aggregates,147,27025,0.0024421683779208836,1.9819054000000006e-07,0.45821528401276745,0.43630512735555554,0.6546160962072155
original,Rimed dendrite aggregates,148,26524,0.00294325166563495,1.9451640640000007e-07,0.31759224766602306,0.3630623674779263,0.734165284270849
original,Rimed dendrite aggregates,149,57641,0.0036502448833788162,4.227160376000001e-07,0.3534491697454876,0.38990505877730464,0.6242084627261845
original,Rimed dendrite aggregates,150,20796,0.0025387248508822857,1.5250954560000005e-07,0.39043945276496295,0.32248891669208235,0.6961434891325254
original,Rimed dendrite aggregates,151,37926,0.0028783373175041314,2.781341136000001e-07,0.4193710513523793,0.4642024687636063,0.6638453831144862
original,Rimed dendrite aggregates,152,26521,0.0024726461732997654,1.9449440560000008e-07,0.4140854049437747,0.4326350872693648,0.7028769654236265
original,Rimed dendrite aggregates,153,30631,0.0025302995041610117,2.246355016000001e-07,0.4340108740803222,0.42038604660306306,0.6709869086872776
original,Rimed dendrite aggregates,154,39347,0.003489629345701986,2.8855515920000004e-07,0.26289715470375047,0.3810544673429542,0.6785523673977686
original,Rimed dendrite aggregates,155,11747,0.00213221933189613,8.614779920000003e-08,0.33730059888958785,0.29312364234453525,0.8139950625691666
original,Rimed dendrite aggregates,156,36076,0.0030572919734955946,2.645669536000001e-07,0.1716353861681482,0.26158518897522764,0.6665373101230735
original,Rimed dendrite aggregates,157,32366,0.0028196766482064704,2.373592976000001e-07,0.2965231981043409,0.31034168198232326,0.6479330161280356
original,Rimed dendrite aggregates,158,44648,0.003521080109062119,3.274305728000001e-07,0.33881837121713637,0.4143075432875494,0.6409021680702383
original,Rimed dendrite aggregates,159,38959,0.0037568517180775335,2.857097224000001e-07,0.26846948992865344,0.41692858089911244,0.6866192664082754
original,Rimed dendrite aggregates,160,20470,0.002465351663698627,1.5011879200000004e-07,0.3328293341048946,0.44140354378317204,0.7255495847581827
original,Rimed dendrite aggregates,161,22831,0.0021499028635723386,1.6743342160000003e-07,0.49650499388815755,0.4705990518120952,0.6743024834654636
original,Rimed dendrite aggregates,162,16453,0.0021940871701999955,1.2065972080000005e-07,0.32743342240271056,0.43951832073681596,0.7327539050629065
original,Rimed dendrite aggregates,163,22681,0.0022940389293468677,1.6633338160000004e-07,0.4448801686324168,0.44323432340841734,0.7377981570477492
original,Rimed dendrite aggregates,164,48513,0.0030887692484455544,3.557749368000001e-07,0.46336038973605476,0.6699243726539137,0.6340362377094799
original,Rimed dendrite aggregates,165,24169,0.002563860365726335,1.7724577840000005e-07,0.378947490456264,0.5000321366567464,0.7266746658943275
original,Rimed dendrite aggregates,166,27954,0.0028711092875496986,2.0500345440000006e-07,0.3792255116602104,0.5114794525777446,0.6890248265006796
original,Rimed dendrite aggregates,167,25495,0.0029415035411177034,1.8697013200000004e-07,0.2734116886510116,0.43545190116140614,0.7308884094920572
original,Rimed dendrite aggregates,168,40219,0.0038580258119281824,2.949500584000001e-07,0.2601163895680555,0.39273688664883927,0.6910415475272881
original,Rimed dendrite aggregates,169,27863,0.0028965258553914634,2.0433609680000008e-07,0.3853472011893102,0.30945213064628063,0.6665470337006065
original,Rimed dendrite aggregates,170,33010,0.0025959715846923764,2.420821360000001e-07,0.40673723745437207,0.4152919332546134,0.7239927294759164
original,Rimed dendrite aggregates,171,20707,0.002396948770893686,1.5185685520000005e-07,0.39216400033607385,0.4334610434104685,0.8080842227266142
original,Rimed dendrite aggregates,172,21710,0.0022433058459146167,1.5921245600000005e-07,0.43507144367516976,0.7771971054668994,0.707185628742515
original,Rimed dendrite aggregates,173,21858,0.0026911947943839038,1.6029782880000005e-07,0.28760944885569595,0.4192801206650838,0.7236709671516149
original,Rimed dendrite aggregates,174,29977,0.0024292990629976143,2.1983932720000008e-07,0.4778401831050727,0.5715461593965181,0.6692464222570638
original,Rimed dendrite aggregates,175,40195,0.0035912236367790368,2.9477405200000007e-07,0.22114301954480667,0.3674594876886785,0.6818509764896131
original,Rimed dendrite aggregates,176,46293,0.0037881868214687422,3.394943448000001e-07,0.170104092036011,0.3202615855542539,0.6347179919210247
original,Rimed dendrite aggregates,177,37361,0.0031908611773111117,2.739906296000001e-07,0.3532498638269471,0.5385987295312764,0.6754101870934932
original,Rimed dendrite aggregates,178,49974,0.0036669990288017277,3.664893264000001e-07,0.29349058978074805,0.4139018729806013,0.6291271461159803
original,Rimed dendrite aggregates,179,50699,0.003639267593108646,3.718061864000001e-07,0.29940326292208064,0.5107928028801135,0.570721316002288
original,Rimed dendrite aggregates,180,29786,0.0033342577070877453,2.1843860960000008e-07,0.19025396376088746,0.2877745815976506,0.7291344927146982
original,Rimed dendrite aggregates,181,28435,0.0029264920043218737,2.0853091600000007e-07,0.3197536146612841,0.19707713032385607,0.7000879198171268
original,Rimed dendrite aggregates,182,23344,0.0021022451131384044,1.7119555840000006e-07,0.5245726698315114,0.5913814073757527,0.6614119259766964
original,Rimed dendrite aggregates,183,36686,0.0037282281667918435,2.690404496000001e-07,0.31188663050149923,0.26640074552036785,0.7190208798996892
original,Rimed dendrite aggregates,184,33588,0.0027716015268414483,2.463209568000001e-07,0.4254421996726147,0.3241205689926829,0.7140943193997856
original,Rimed dendrite aggregates,185,20566,0.0019299880205157194,1.5082281760000005e-07,0.5586750101800303,0.4506652524311495,0.6697948069629486
original,Rimed dendrite aggregates,186,17334,0.002013010691950366,1.2712062240000003e-07,0.49833471078837205,0.41501285066162147,0.7323179877697011
original,Rimed dendrite aggregates,187,11539,0.0017340166298809743,8.462241040000003e-08,0.3396080456024327,0.4876566069532974,0.7914897304792443
original,Rimed dendrite aggregates,188,36762,0.0027136305788925115,2.6959780320000005e-07,0.3641388668983895,0.5226425673607235,0.6135139546270606
original,Rimed dendrite aggregates,189,20117,0.0022935887803629635,1.4753003120000005e-07,0.3594710731665398,0.22862183578879988,0.7019436297658697
original,Rimed dendrite aggregates,190,31192,0.0034188722203690614,2.2874965120000008e-07,0.2609072592943552,0.29710736707809765,0.7440369325468069
original,Rimed dendrite aggregates,191,31476,0.0030883554246472927,2.3083239360000008e-07,0.2683191225574471,0.43049504846371006,0.666603126191384
original,Rimed dendrite aggregates,192,19144,0.002135312417599758,1.4039443840000004e-07,0.4680166262703141,0.4106225716934631,0.7190764730463853
original,Rimed dendrite aggregates,193,40006,0.0036841322482289527,2.933880016000001e-07,0.22712783478204446,0.4607960088194234,0.6368044793281008
original,Rimed dendrite aggregates,194,12424,0.0020271090784762507,9.111264640000004e-08,0.3212557205765015,0.5297172330998424,0.7981326464906632
original,Rimed dendrite aggregates,195,19252,0.0026626939786086436,1.4118646720000005e-07,0.2876217116256534,0.29468609541559737,0.7210679409931435
original,Rimed dendrite aggregates,196,13611,0.0016207464059040727,9.981762960000004e-08,0.5227088622815641,0.4282708529302082,0.7053853500844904
original,Rimed dendrite aggregates,197,18278,0.0020506648613765827,1.3404354080000004e-07,0.4212212844759438,0.6075187225818779,0.692854798117956
original,Rimed dendrite aggregates,198,13761,0.002086233294290979,1.0091766960000003e-07,0.2934755316364436,0.4633459185719576,0.8117869340890924
original,Rimed dendrite aggregates,199,28171,0.0025309590854915827,2.0659484560000007e-07,0.3678742251056146,0.5322648242253295,0.6324234141493025
original,Rimed dendrite aggregates,200,42133,0.003355893858665332,3.089865688000001e-07,0.37218041212028236,0.4776275978689005,0.6698549830299291
original,Rimed dendrite aggregates,201,39956,0.0033960576085874977,2.930213216000001e-07,0.26561686355197,0.4492539783598497,0.6652067274001402
original,Rimed dendrite aggregates,202,35626,0.0033429892045157036,2.612668336000001e-07,0.33791799295910807,0.41723429568342185,0.6693706843316679
original,Rimed dendrite aggregates,203,18090,0.001992714990572327,1.3266482400000003e-07,0.4568500211323932,0.7344367801837588,0.7158651188501934
original,Rimed dendrite aggregates,204,41326,0.0032256948230896475,3.030683536000001e-07,0.30430173105771013,0.3792232270133688,0.6395973479165659
original,Rimed dendrite aggregates,205,58840,0.003674252880674189,4.3150902400000014e-07,0.3640485760015865,0.4148240604205589,0.6051325628823929
original,Rimed dendrite aggregates,206,17434,0.00223992632367245,1.2785398240000005e-07,0.27701684479922656,0.5038029876091021,0.7188826431111621
original,Rimed dendrite aggregates,207,42824,0.0037197459129135156,3.140540864000001e-07,0.3145989460898937,0.23127457635046914,0.6777741453390622
original,Rimed dendrite aggregates,208,25918,0.0029248262535154696,1.9007224480000006e-07,0.32613093322602343,0.5020201760260788,0.7417238984489544
original,Rimed dendrite aggregates,209,27771,0.0029395009664942465,2.0366140560000008e-07,0.33372808804354076,0.3990764416112216,0.7604695545713154
original,Rimed dendrite aggregates,210,36968,0.0028826310757549428,2.711085248000001e-07,0.3376484450274226,0.42314526252101375,0.6285706557022289
original,Rimed dendrite aggregates,211,40174,0.0033976439594641202,2.946200464000001e-07,0.2927219591261859,0.5016896519531017,0.6826305570767163
original,Rimed dendrite aggregates,212,30490,0.002474000386274824,2.2360146400000006e-07,0.5166450153294905,0.6305340315137657,0.7216792390947852
original,Rimed dendrite aggregates,213,34898,0.003334986141880646,2.5592797280000006e-07,0.33198621376277904,0.33228312256228276,0.7038512235658204
original,Rimed dendrite aggregates,214,11468,0.002065477844568939,8.410172480000003e-08,0.34512555648630483,0.36319916063525387,0.8233344959888385
original,Rimed dendrite aggregates,215,26873,0.0026365383142894654,1.9707583280000008e-07,0.3925587349555688,0.394545141915398,0.7363152606705615
original,Rimed dendrite aggregates,216,28809,0.002519616564976372,2.1127368240000006e-07,0.4688256963927591,0.3459175648152615,0.6930820229789302
original,Rimed dendrite aggregates,217,28953,0.002998033488255046,2.1232972080000008e-07,0.3458123670868185,0.27579862772471836,0.7220322591786689
original,Rimed dendrite aggregates,218,30923,0.002838256544667602,2.2677691280000008e-07,0.4118899866807023,0.4406511685632185,0.6860589205445785
original,Rimed dendrite aggregates,219,51238,0.003251540285788726,3.757589968000001e-07,0.38291671860903614,0.6906132964570129,0.6199305203169523
original,Rimed dendrite aggregates,220,25687,0.002517598944965854,1.8837818320000007e-07,0.3525044862612158,0.47844512548643964,0.6510297037411921
original,Rimed dendrite aggregates,221,16998,0.002032468812434296,1.2465653280000004e-07,0.45123566147567185,0.36733735037319576,0.7126132486174844
original,Rimed dendrite aggregates,222,25292,0.0024202569503332196,1.8548141120000007e-07,0.24683830216747513,0.44325792402356556,0.6801360113869999
original,Rimed dendrite aggregates,223,40683,0.0039231934685582835,2.983528488000001e-07,0.2595873989965697,0.22825864371365268,0.6896492392399773
original,Rimed dendrite aggregates,224,15854,0.002293094124756347,1.1626689440000004e-07,0.3719268835788089,0.3786795917915009,0.79273369496657
original,Rimed dendrite aggregates,225,41700,0.0031820574754373274,3.058111200000001e-07,0.4042481478493747,0.4447897367375378,0.6457314148681055
original,Rimed dendrite aggregates,226,25504,0.002563726030546214,1.8703613440000005e-07,0.36240506094297825,0.49994680087718435,0.6722082810539524
original,Rimed dendrite aggregates,227,22945,0.0024514459262871434,1.6826945200000003e-07,0.25805529266266236,0.3740368909939692,0.6705600348659839
original,Rimed dendrite aggregates,228,27442,0.0025601620744412396,2.0124865120000008e-07,0.28182709625498176,0.44508991339037884,0.6699948983310254
original,Rimed dendrite aggregates,229,15634,0.0022754447128772877,1.1465350240000004e-07,0.31791343859920046,0.4829706632631344,0.7971088652935909
original,Rimed dendrite aggregates,230,47987,0.0037632010877957866,3.519174632000001e-07,0.2938172673754065,0.3356957496020215,0.6559484860483048
original,Rimed dendrite aggregates,231,28110,0.0031169565146778352,2.0614749600000005e-07,0.30661277416069077,0.4040109756126925,0.7450729277837068
original,Rimed dendrite aggregates,232,25524,0.0025890995870413496,1.8718280640000006e-07,0.3209957721705685,0.383544648738506,0.6811628271430811
original,Rimed dendrite aggregates,233,25301,0.0025556613860287995,1.8554741360000008e-07,0.35658632904029386,0.5155112216008713,0.6742421248172009
original,Rimed dendrite aggregates,234,48615,0.0036905135013668242,3.565229640000001e-07,0.3933425854598464,0.32142505112360403,0.6543042270904041
original,Rimed dendrite aggregates,235,49523,0.0034093868634202324,3.6318187280000013e-07,0.4054590870930309,0.398470883299581,0.6334632393029501
original,Rimed dendrite aggregates,236,46782,0.0031463979305609664,3.430804752000001e-07,0.3242575683671407,0.5911380077349895,0.6339190286862468
original,Rimed dendrite aggregates,237,43406,0.004092417162233185,3.183222416000001e-07,0.24358067603376754,0.22861062204596969,0.6816108372114454
original,Rimed dendrite aggregates,238,42987,0.003916411921717043,3.152494632000001e-07,0.2824351600015384,0.41584921925599844,0.6854863098145951
original,Rimed dendrite aggregates,239,40864,0.0029645109607161785,2.996802304000001e-07,0.3383782689825818,0.5470971198532265,0.6511844166014096
original,Rimed dendrite aggregates,240,28937,0.003267914536587078,2.1221238320000008e-07,0.23969071658396665,0.28095607058102534,0.6753982790199399
original,Rimed dendrite aggregates,241,44079,0.003447801341816866,3.2325775440000014e-07,0.3677263523444981,0.44590221756159953,0.6799382926109939
original,Rimed dendrite aggregates,242,40229,0.0028378266450626677,2.950233944000001e-07,0.32562765195464183,0.3923553985587878,0.647890825026722
original,Rimed dendrite aggregates,243,28746,0.0030993117147950357,2.1081166560000007e-07,0.23143223122060774,0.3565743003795789,0.7281013010505809
original,Rimed dendrite aggregates,244,26335,0.002332851437523063,1.9313035600000006e-07,0.35112259253179734,0.4264408482009735,0.7090563888361496
original,Rimed dendrite aggregates,245,46749,0.004036783542337713,3.4283846640000015e-07,0.22146256863534564,0.34778539352599075,0.6596290829750369
original,Rimed dendrite aggregates,246,27609,0.00271746623285745,2.0247336240000007e-07,0.34111114521658636,0.5970420025530433,0.6587344706436307
original,Rimed dendrite aggregates,247,10658,0.0016949594116239912,7.816150880000002e-08,0.3999360929872724,0.536324707449763,0.7919872396322012
original,Rimed dendrite aggregates,248,31927,0.0029444265103058115,2.3413984720000007e-07,0.30558991613551306,0.5135563780271087,0.6793936166880696
original,Rimed dendrite aggregates,249,22855,0.002623560229416957,1.6760942800000005e-07,0.22108975859921087,0.20608232766354365,0.719361190111573
original,Rimed dendrite aggregates,250,21137,0.0028388433878547732,1.5501030320000007e-07,0.30207524622790494,0.37564575406330325,0.7424894734352084
original,Rimed dendrite aggregates,251,23307,0.0023582096891988542,1.7092421520000006e-07,0.36751445966506463,0.6263715454053344,0.6377483159565795
original,Rimed dendrite aggregates,252,44082,0.0038661910654531856,3.232797552000001e-07,0.22756995713045988,0.2704722919504249,0.6570255433056577
original,Rimed dendrite aggregates,253,38511,0.002984557030823306,2.824242696000001e-07,0.3574615343213096,0.43747123166974927,0.6142660538547428
original,Rimed dendrite aggregates,254,35106,0.0029426625536107505,2.574533616000001e-07,0.3718881724793613,0.38649664570017395,0.6343075257790691
original,Rimed dendrite aggregates,255,18238,0.0019746342274407575,1.3375019680000005e-07,0.4345598412438576,0.6658410115533578,0.6805570786270424
original,Rimed dendrite aggregates,256,46866,0.0031868965637444025,3.436964976000001e-07,0.37870074144195764,0.5235782808122297,0.6157982332607861
original,Rimed dendrite aggregates,257,45747,0.003504956235904643,3.3549019920000007e-07,0.3444717963091469,0.5897699551234592,0.647976916519116
original,Rimed dendrite aggregates,258,16784,0.001906316809779269,1.2308714240000004e-07,0.44244015613502513,0.7491188095906866,0.6767755004766445
original,Rimed dendrite aggregates,259,52507,0.003463994906795331,3.8506533520000016e-07,0.2744424708246736,0.4726140520726606,0.6202411107090483
original,Rimed dendrite aggregates,260,53219,0.0038738101719032712,3.9028685840000016e-07,0.3538773880513431,0.40956980030105566,0.6728236156259982
original,Rimed dendrite aggregates,261,13690,0.0022015389154731607,1.0039698400000003e-07,0.3414028073410354,0.40404853983202976,0.8067202337472608
original,Rimed dendrite aggregates,262,65408,0.0037659214388477357,4.796761088000002e-07,0.4479898273063718,0.3621490597482458,0.6153375733855186
original,Rimed dendrite aggregates,263,21653,0.0025016379259078752,1.5879444080000006e-07,0.3671081551760198,0.3259031763266672,0.7055373389368679
original,Rimed dendrite aggregates,264,17615,0.0024632424677117604,1.2918136400000005e-07,0.3866998426205984,0.4966130048748884,0.8228782287822878
original,Rimed dendrite aggregates,265,20951,0.0022176252776770116,1.5364625360000004e-07,0.43340033804906986,0.5832995430717782,0.7027349529855377
original,Rimed dendrite aggregates,266,59524,0.004426282116301822,4.3652520640000017e-07,0.21300406305957928,0.3160548673267917,0.657415496270412
original,Rimed dendrite aggregates,267,27636,0.0034418884549384746,2.0267136960000007e-07,0.24685374201303686,0.2708978463738247,0.7602402663192936
original,Rimed dendrite aggregates,268,29030,0.0027543555283733247,2.1289440800000005e-07,0.3545245236134749,0.35185639431526167,0.6895625215294523
original,Rimed dendrite aggregates,269,24479,0.0032323311009393226,1.7951919440000006e-07,0.2659090895203211,0.2368045959456687,0.7618775276767842
original,Rimed dendrite aggregates,270,33959,0.00287425610031311,2.490417224000001e-07,0.24079719597159246,0.37076441158041057,0.6860331576312613
original,Rimed dendrite aggregates,271,24278,0.002759128506446795,1.7804514080000005e-07,0.3044619951681545,0.5190639584319746,0.7386522777823544
original,Rimed dendrite aggregates,272,29139,0.002781695653021083,2.1369377040000005e-07,0.27058166389310706,0.44958439816836326,0.6829678437832458
original,Rimed dendrite aggregates,273,39670,0.0029603535043117766,2.9092391200000007e-07,0.40621891018872003,0.48367427607459845,0.6531383917317872
original,Rimed dendrite aggregates,274,53637,0.0037091368123987447,3.9335230320000015e-07,0.38429399273269144,0.3416834177264382,0.6817495385647967
original,Rimed dendrite aggregates,275,19295,0.0027433951784615524,1.4150181200000005e-07,0.26492633672180865,0.3046422840634821,0.7373412801243846
original,Rimed dendrite aggregates,276,52290,0.004115280012572477,3.834739440000001e-07,0.24650530112413446,0.31514485091159333,0.6476190476190476
original,Rimed dendrite aggregates,277,29668,0.0026515247177260506,2.1757324480000006e-07,0.3163457045819225,0.24787368649041955,0.6546447350680868
original,Rimed dendrite aggregates,278,75767,0.004677506433505385,5.556448712000002e-07,0.2980950884345647,0.2843622260737772,0.6351181912970026
original,Rimed dendrite aggregates,279,14622,0.0016921964123841188,1.0723189920000004e-07,0.3836354355141956,0.2784703511984879,0.6871153057037341
original,Rimed dendrite aggregates,280,20960,0.00287359594351202,1.5371225600000005e-07,0.2108097846007042,0.3092756897162995,0.7321564885496183
original,Rimed dendrite aggregates,281,22258,0.002522357837781993,1.6323126880000005e-07,0.28377422919510054,0.3132833960851226,0.7267948602749573
original,Rimed dendrite aggregates,282,32648,0.003168381214399732,2.394273728000001e-07,0.2843615465698248,0.2997786128258787,0.691956628277383
original,Rimed dendrite aggregates,283,37867,0.00402337274479117,2.7770143120000005e-07,0.20859461814298838,0.1997314899149398,0.7010853777695619
original,Rimed dendrite aggregates,284,19171,0.0022634226095001046,1.4059244560000004e-07,0.27000299154250534,0.47353295002920875,0.7168118512336341
original,Rimed dendrite aggregates,285,19585,0.0020638410733306127,1.4362855600000005e-07,0.42650165108053567,0.39829220961376754,0.69548123563952
original,Rimed dendrite aggregates,286,37044,0.0033055962714774573,2.716658784000001e-07,0.2956879758553116,0.38302698720244155,0.6736583522297808
original,Rimed dendrite aggregates,287,28298,0.0027809263573593743,2.0752621280000007e-07,0.41284725673259337,0.24616674571682934,0.6993427097321365
original,Rimed dendrite aggregates,288,48527,0.0037743313012493173,3.558776072000001e-07,0.27024297781601536,0.37271469184470846,0.6349042800914955
original,Rimed dendrite aggregates,289,36147,0.0032899039279842023,2.650876392000001e-07,0.275599802694171,0.3576184320576778,0.6648684538135945
original,Rimed dendrite aggregates,290,26795,0.0022973071062854762,1.9650381200000006e-07,0.4510458653017096,0.6298701700473137,0.6724015674566151
original,Rimed dendrite aggregates,291,8343,0.0018994336485413028,6.118422480000002e-08,0.28896131037404005,0.36887594331133056,0.8220064724919094
original,Rimed dendrite aggregates,292,55114,0.004268131407715347,4.0418403040000016e-07,0.26671222383353654,0.3869686170377081,0.6550785644300904
original,Rimed dendrite aggregates,293,15963,0.00271031696181933,1.1706625680000004e-07,0.2470277633988222,0.4176523325020804,0.8195201403245004
original,Rimed dendrite aggregates,294,13396,0.002286105498500294,9.824090560000004e-08,0.29497824980652326,0.3482859094042827,0.8121827411167513
original,Rimed dendrite aggregates,295,28222,0.0025954417428591396,2.0696885920000007e-07,0.4357842316553335,0.36743136006877614,0.7014740273545461
original,Rimed dendrite aggregates,296,17359,0.002634806544641256,1.2730396240000004e-07,0.3274157220204597,0.22187694681692116,0.7380033412062906
original,Rimed dendrite aggregates,297,43271,0.0028219940768975903,3.1733220560000013e-07,0.4306565195864966,0.5626160084377672,0.6014420743685147
original,Rimed dendrite aggregates,298,33590,0.0028361531790905984,2.463356240000001e-07,0.38844122111981827,0.2892130024729024,0.6836260791902352
original,Rimed dendrite aggregates,299,11393,0.002103446358179444,8.355170480000002e-08,0.31539716874482254,0.3510458844542803,0.8253313438076012
snowagg,Rimed dendrite aggregates,0,26206,0.0028660255850835935,1.9218432160000007e-07,0.3812540597566943,0.2061015706628458,0.6810654048691139
snowagg,Rimed dendrite aggregates,1,31902,0.003467743419122826,2.339565072000001e-07,0.3003619564053315,0.2531982311600602,0.6795185254842957
snowagg,Rimed dendrite aggregates,2,58442,0.0042534826400957015,4.2859025120000016e-07,0.33324152735368956,0.28369720556053285,0.6046678758427159
snowagg,Rimed dendrite aggregates,3,46296,0.0036482554769502007,3.395163456000001e-07,0.19094142936971573,0.3498710405347842,0.6237255918437878
snowagg,Rimed dendrite aggregates,4,29147,0.0030176664229746727,2.1375243920000007e-07,0.35234506920024505,0.24999362001523082,0.7285827014787114
snowagg,Rimed dendrite aggregates,5,49941,0.0035968237427058637,3.662473176000001e-07,0.41103035205357763,0.32794733969840767,0.6651648945755992
snowagg,Rimed dendrite aggregates,6,22195,0.0023230257590519535,1.6276925200000003e-07,0.3743900165519541,0.528690487081067,0.6988961477810318
snowagg,Rimed dendrite aggregates,7,26722,0.002713548584748708,1.9596845920000007e-07,0.3586275646735024,0.3866272630910634,0.6777935783249757
snowagg,Rimed dendrite aggregates,8,25721,0.002650232966955015,1.886275256000001e-07,0.35660754729002075,0.40100257578834203,0.6631934994751371
snowagg,Rimed dendrite aggregates,9,25440,0.0022936149420687466,1.8656678400000004e-07,0.46440705641850855,0.5809138744894302,0.6959905660377359
snowagg,Rimed dendrite aggregates,10,43031,0.0028532601336594024,3.155721416000001e-07,0.36584298941738824,0.5894563260232302,0.614696381678325
snowagg,Rimed dendrite aggregates,11,46830,0.0037301176404037164,3.434324880000001e-07,0.28140928778417734,0.4442091816125509,0.6366218236173393
snowagg,Rimed dendrite aggregates,12,31756,0.0025201396115818045,2.3288580160000008e-07,0.39196934744026546,0.4703439149051408,0.6907670991308729
snowagg,Rimed dendrite aggregates,13,63024,0.005456655516678002,4.6219280640000014e-07,0.13054354350830033,0.22924091894503584,0.6739178725564864
snowagg,Rimed dendrite aggregates,14,16206,0.0019017136005746072,1.1884832160000004e-07,0.38177668498995687,0.4930542196559047,0.7062816240898433
snowagg,Rimed dendrite aggregates,15,39919,0.003420369525621749,2.9274997840000014e-07,0.30956705233613363,0.3569346110368411,0.6575565520178361
snowagg,Rimed dendrite aggregates,16,31442,0.002663578404436254,2.305830512000001e-07,0.4126971297386783,0.5082800143965868,0.6605813879524204
snowagg,Rimed dendrite aggregates,17,17083,0.0018389672790046655,1.2527988880000005e-07,0.5254399329909664,0.32759297075666466,0.6829596675057075
snowagg,Rimed dendrite aggregates,18,47926,0.003589939920907524,3.514701136000001e-07,0.31930602228371024,0.4779034525659386,0.6638567792012686
snowagg,Rimed dendrite aggregates,19,51025,0.003527853494710617,3.741969400000001e-07,0.32405548007324425,0.5491572518549294,0.5968642822146006
snowagg,Rimed dendrite aggregates,20,30290,0.0028340509017578605,2.2213474400000007e-07,0.3670780086367152,0.42277527642172186,0.71809177946517
snowagg,Rimed dendrite aggregates,21,23360,0.002523034920019143,1.7131289600000004e-07,0.3849897844415507,0.47655808559133184,0.6940924657534246
snowagg,Rimed dendrite aggregates,22,34664,0.00293211391385333,2.542119104000001e-07,0.32036503842719066,0.35165804860678246,0.7166801292407108
snowagg,Rimed dendrite aggregates,23,12252,0.0019667211241373482,8.985126720000003e-08,0.4431988824792394,0.3758339149734731,0.8005223636957232
snowagg,Rimed dendrite aggregates,24,49840,0.003514592613198389,3.655066240000001e-07,0.38789790574555316,0.5478091419060718,0.6512038523274478
snowagg,Rimed dendrite aggregates,25,30871,0.002802854721989356,2.263955656000001e-07,0.4026525588406736,0.4157711448121215,0.7027307181497198
snowagg,Rimed dendrite aggregates,26,34721,0.0033607234794574966,2.546299256000001e-07,0.3093347178723173,0.3649851331017262,0.6825552259439532
snowagg,Rimed dendrite aggregates,27,37043,0.0029375746050765306,2.7165854480000006e-07,0.4740411025075585,0.32818017833912155,0.6811813298059013
snowagg,Rimed dendrite aggregates,28,69152,0.0036549770082293436,5.071331072000002e-07,0.3565375775531287,0.4692492326822415,0.580359208699676
snowagg,Rimed dendrite aggregates,29,21002,0.002654857939918577,1.5402026720000006e-07,0.35478808618234153,0.41610756034301044,0.8026378440148557
snowagg,Rimed dendrite aggregates,30,23510,0.00280419861814475,1.7241293600000006e-07,0.345466213093423,0.3991822241438681,0.7455550829434283
snowagg,Rimed dendrite aggregates,31,30594,0.002920164758999222,2.2436415840000006e-07,0.34616549461147567,0.5819036888407494,0.6683009740471988
snowagg,Rimed dendrite aggregates,32,25551,0.002669363981871456,1.873808136000001e-07,0.37603028115325965,0.5069156074225013,0.7013032758013386
snowagg,Rimed dendrite aggregates,33,57082,0.003823840577127338,4.1861655520000017e-07,0.33020138640793917,0.5425085494445774,0.5860166076871869
snowagg,Rimed dendrite aggregates,34,35239,0.003288120166307611,2.5842873040000005e-07,0.25121544236402177,0.41173658582908873,0.648854961832061
snowagg,Rimed dendrite aggregates,35,25113,0.0033320359787184853,1.8416869680000006e-07,0.262022716199392,0.28148033041125303,0.7410106319436148
snowagg,Rimed dendrite aggregates,36,31391,0.002828962952231573,2.302090376000001e-07,0.3250622061343792,0.44439828478737736,0.6780605906151445
snowagg,Rimed dendrite aggregates,37,40456,0.0032396486193692875,2.966881216000001e-07,0.32541520610706165,0.5746766631257663,0.6285594225825588
snowagg,Rimed dendrite aggregates,38,31461,0.00256089426371484,2.3072238960000008e-07,0.4641625219434482,0.35251159878513383,0.6868821715775086
snowagg,Rimed dendrite aggregates,39,8552,0.0015381764124676213,6.271694720000001e-08,0.3717492944794263,0.5139098377058521,0.7979420018709074
snowagg,Rimed dendrite aggregates,40,69265,0.004554367703378287,5.079618040000001e-07,0.19095279815650126,0.2134855794940544,0.6765177217931134
snowagg,Rimed dendrite aggregates,41,43475,0.003606203238828162,3.188282600000001e-07,0.2922692690286016,0.2208324777245439,0.6671880391029327
snowagg,Rimed dendrite aggregates,42,22624,0.0027123638426651076,1.6591536640000005e-07,0.33948819623332216,0.2875753452128745,0.7076555869872702
snowagg,Rimed dendrite aggregates,43,57326,0.003890396488597996,4.2040595360000016e-07,0.29473852592721406,0.43724637198271743,0.6498621916756795
snowagg,Rimed dendrite aggregates,44,42524,0.004700340239845758,3.1185400640000014e-07,0.19910145672080284,0.30746340487099555,0.7157605117110337
snowagg,Rimed dendrite aggregates,45,36628,0.0033420978757969623,2.686151008000001e-07,0.24503574549823823,0.47637122371244606,0.634924101780059
snowagg,Rimed dendrite aggregates,46,26246,0.0032471045341917427,1.9247766560000006e-07,0.2051444777333459,0.252321353009065,0.7521146079402575
snowagg,Rimed dendrite aggregates,47,6707,0.001384036132765611,4.9186455200000014e-08,0.3352666383711426,0.5317505518316005,0.7757566721335918
snowagg,Rimed dendrite aggregates,48,31579,0.0028499245515830017,2.3158775440000006e-07,0.3781749106736849,0.24993242926290934,0.6642072263212895
snowagg,Rimed dendrite aggregates,49,7520,0.0014457404252848412,5.5148672000000014e-08,0.5297232076107157,0.4002686938341292,0.8272606382978723
snowagg,Rimed dendrite aggregates,50,53860,0.0037755793021113137,3.9498769600000013e-07,0.34991536773689924,0.5145898632474988,0.6373932417378388
snowagg,Rimed dendrite aggregates,51,45648,0.00446885571746928,3.3476417280000013e-07,0.21508545391476375,0.11900222785687546,0.673698738170347
snowagg,Rimed dendrite aggregates,52,45021,0.0032030889974532174,3.3016600560000014e-07,0.35313922494256694,0.49443932279021013,0.6316829923813332
snowagg,Rimed dendrite aggregates,53,13480,0.0017197708566101674,9.885692800000003e-08,0.35335097682027283,0.3982685406843975,0.7
snowagg,Rimed dendrite aggregates,54,16945,0.0021204591933106872,1.2426785200000003e-07,0.41603627564147827,0.5598664710772474,0.7234582472705813
snowagg,Rimed dendrite aggregates,55,34948,0.0027770593293898038,2.562946528000001e-07,0.4120827008573145,0.39021308353472567,0.6442142611880508
snowagg,Rimed dendrite aggregates,56,18959,0.0022907907642926305,1.3903772240000003e-07,0.35772936680346173,0.3477924285337013,0.7200274276069413
snowagg,Rimed dendrite aggregates,57,38065,0.003515142224056363,2.791534840000001e-07,0.3125954349429071,0.4020940901414451,0.6621305661368712
snowagg,Rimed dendrite aggregates,58,35542,0.003064913862643225,2.6065081120000007e-07,0.36943300476005647,0.3684153111971465,0.6766923639637612
snowagg,Rimed dendrite aggregates,59,26197,0.003144032317034873,1.9211831920000006e-07,0.27337786830890465,0.31084693409503283,0.6901171889911059
snowagg,Rimed dendrite aggregates,60,13912,0.002003554394552689,1.0202504320000003e-07,0.442151005710968,0.24433652073238207,0.7154255319148937
snowagg,Rimed dendrite aggregates,61,29991,0.003013025954958036,2.199419976000001e-07,0.39763817621532066,0.43139043361264345,0.7182821513120603
snowagg,Rimed dendrite aggregates,62,40889,0.0030177384336829765,2.998635704000001e-07,0.4625007394464011,0.4037352362539598,0.6413216268434053
snowagg,Rimed dendrite aggregates,63,15012,0.0017861197803073633,1.1009200320000003e-07,0.49792545004315275,0.7393320526519574,0.691580069277911
snowagg,Rimed dendrite aggregates,64,26886,0.00253598996873376,1.9717116960000007e-07,0.4301647395687293,0.2851326279189941,0.6774901435691438
snowagg,Rimed dendrite aggregates,65,33263,0.002897600250945587,2.439375368000001e-07,0.4328605532242247,0.2709699756999028,0.7092264678471575
snowagg,Rimed dendrite aggregates,66,58601,0.003659485791532323,4.2975629360000013e-07,0.33702469557429926,0.6693116982253993,0.611542465145646
snowagg,Rimed dendrite aggregates,67,38785,0.0032527198931048993,2.8443367600000006e-07,0.21892594571373253,0.3576067813354516,0.645017403635426
snowagg,Rimed dendrite aggregates,68,38221,0.0033787070655606874,2.802975256000001e-07,0.28610817680508027,0.4377592985512127,0.669710368645509
snowagg,Rimed dendrite aggregates,69,52164,0.0032440764101584717,3.825499104000001e-07,0.387003645611812,0.6340773715320879,0.6271566597653554
snowagg,Rimed dendrite aggregates,70,27646,0.0028024594031501324,2.0274470560000007e-07,0.30659771774192784,0.4821912227959576,0.6764088837444838
snowagg,Rimed dendrite aggregates,71,21986,0.0025666373459998044,1.6123652960000004e-07,0.3570220342028239,0.396173865849892,0.7420176475939234
snowagg,Rimed dendrite aggregates,72,15320,0.002068195263168515,1.1235075200000002e-07,0.4197069424842019,0.5746158185202893,0.7964751958224543
snowagg,Rimed dendrite aggregates,73,11115,0.00195492405801918,8.151296400000002e-08,0.2870489922092031,0.3730681487979623,0.7927125506072874
snowagg,Rimed dendrite aggregates,74,21122,0.002357446440664704,1.5490029920000006e-07,0.4032172627367559,0.6070056504544833,0.729192311334154
snowagg,Rimed dendrite aggregates,75,20001,0.0027728370276800113,1.4667933360000003e-07,0.2546934430317255,0.23290936922832514,0.743412829358532
snowagg,Rimed dendrite aggregates,76,59305,0.0037725229025338085,4.349191480000001e-07,0.39396188945586247,0.3469507864865826,0.6435713683500548
snowagg,Rimed dendrite aggregates,77,18147,0.0025254747449645586,1.3308283920000004e-07,0.223265293432232,0.26539383433724817,0.7104204551716538
snowagg,Rimed dendrite aggregates,78,28739,0.0025276871966094312,2.1076033040000005e-07,0.5061709049417905,0.44307906398631747,0.7038519085563172
snowagg,Rimed dendrite aggregates,79,14606,0.0020299347781044972,1.0711456160000004e-07,0.3821601746364484,0.5095221689073594,0.7803642338764891
snowagg,Rimed dendrite aggregates,80,27766,0.0031361772579751035,2.0362473760000007e-07,0.22959614738281658,0.45932528097739334,0.7410502052870417
snowagg,Rimed dendrite aggregates,81,27792,0.0027165474223110825,2.0381541120000008e-07,0.3367870239819804,0.5094277923096303,0.6589666090961428
snowagg,Rimed dendrite aggregates,82,35981,0.003771929541993772,2.638702616000001e-07,0.24413347965272175,0.3282976549031148,0.69489452766738
snowagg,Rimed dendrite aggregates,83,13324,0.00199126596788592,9.771288640000004e-08,0.4024129627564658,0.603454930914579,0.7732662864004803
snowagg,Rimed dendrite aggregates,84,29304,0.002988826765550964,2.1490381440000008e-07,0.23477668421194173,0.2670128959097537,0.6973109473109473
snowagg,Rimed dendrite aggregates,85,18612,0.002125349334060739,1.3649296320000004e-07,0.4222418594914064,0.6524405352285567,0.6890178379540082
snowagg,Rimed dendrite aggregates,86,18739,0.0026717648124541526,1.3742433040000004e-07,0.3065766059987278,0.5218225870855768,0.7235711617482257
snowagg,Rimed dendrite aggregates,87,29911,0.002875483544133562,2.1935530960000008e-07,0.41238125710860263,0.2530710482895853,0.6871050783992511
snowagg,Rimed dendrite aggregates,88,32865,0.0030051336778110184,2.410187640000001e-07,0.3870405941807273,0.5555483060335105,0.6415031188194128
snowagg,Rimed dendrite aggregates,89,25069,0.003396287595742819,1.8384601840000006e-07,0.23228945437573548,0.16470816562535437,0.6993099046631298
snowagg,Rimed dendrite aggregates,90,36958,0.0030770856962397046,2.710351888000001e-07,0.36119101986454805,0.5933130283786997,0.6632393527788301
snowagg,Rimed dendrite aggregates,91,16064,0.002155678921400484,1.1780695040000004e-07,0.41329342105663264,0.4220962477931271,0.717753984063745
snowagg,Rimed dendrite aggregates,92,24631,0.0023558796537978027,1.8063390160000006e-07,0.4062313433878714,0.5339120468353421,0.7139377207583939
snowagg,Rimed dendrite aggregates,93,31891,0.0027556205377572214,2.338758376000001e-07,0.4184525991741389,0.3195325950903229,0.7017653883540811
snowagg,Rimed dendrite aggregates,94,25920,0.0023862976542885273,1.9008691200000005e-07,0.3002425379690341,0.2339868545997019,0.669020061728395
snowagg,Rimed dendrite aggregates,95,34583,0.003874682682929019,2.536178888000001e-07,0.2512358055661072,0.39151611992856084,0.711534569007894
snowagg,Rimed dendrite aggregates,96,24660,0.002701708441531205,1.8084657600000005e-07,0.3189366085229274,0.23964450361660328,0.7304947283049473
snowagg,Rimed dendrite aggregates,97,17904,0.002488707951455499,1.3130077440000005e-07,0.27521870788863834,0.3062061544692561,0.7247542448614834
snowagg,Rimed dendrite aggregates,98,33205,0.0030763548084475215,2.435121880000001e-07,0.31917229623104704,0.5886967220702489,0.6693269085981027
snowagg,Rimed dendrite aggregates,99,23893,0.0032523031988051267,1.7522170480000006e-07,0.21695978647407546,0.41341493952215896,0.7115473151132131
snowagg,Rimed dendrite aggregates,100,42085,0.0029350636588388757,3.086345560000001e-07,0.3978781811174805,0.37992076385309387,0.6255673042651776
snowagg,Rimed dendrite aggregates,101,30852,0.0027365544989269375,2.2625622720000008e-07,0.4183190415463039,0.33937680078821497,0.6707182678594581
snowagg,Rimed dendrite aggregates,102,51334,0.0036223201590795382,3.764630224000001e-07,0.3357861324266921,0.5293811896061209,0.6315112790742977
snowagg,Rimed dendrite aggregates,103,10713,0.0018589351640580498,7.856485680000002e-08,0.3694842738503326,0.42779666082534845,0.8187249136563054
snowagg,Rimed dendrite aggregates,104,23563,0.0022723255570504404,1.7280161680000006e-07,0.37619211853895695,0.5990984360967304,0.6365488265500997
snowagg,Rimed dendrite aggregates,105,40287,0.002855855635961814,2.9544874320000005e-07,0.41101293325092,0.7457566718823323,0.6311217017896592
snowagg,Rimed dendrite aggregates,106,23227,0.0022860184220392476,1.7033752720000007e-07,0.4518081757889865,0.6389573903243342,0.740043914409954
snowagg,Rimed dendrite aggregates,107,27539,0.002773178644510653,2.0196001040000006e-07,0.3803235620441234,0.3281616267452015,0.6932350484767058
snowagg,Rimed dendrite aggregates,108,11123,0.0019283532436052448,8.157163280000003e-08,0.3660967583166663,0.3349778492892647,0.8248673918906769
snowagg,Rimed dendrite aggregates,109,27523,0.0031012887471401906,2.0184267280000006e-07,0.2757231814331541,0.429903082585119,0.6864077317152927
snowagg,Rimed dendrite aggregates,110,37881,0.0030348675598863297,2.778041016000001e-07,0.3426115756638628,0.5514097531839528,0.6651355560835247
snowagg,Rimed dendrite aggregates,111,31292,0.0030664231208410047,2.2948301120000007e-07,0.33018010903564504,0.1932496437331397,0.6566215007030551
snowagg,Rimed dendrite aggregates,112,31150,0.0031969970599607404,2.2844164000000007e-07,0.2551265152924326,0.3992760237034905,0.6880898876404494
snowagg,Rimed dendrite aggregates,113,20631,0.0020424007455107918,1.5129950160000002e-07,0.38691042224232397,0.4876995654041031,0.6891570936939557
snowagg,Rimed dendrite aggregates,114,35908,0.002898845342584176,2.633349088000001e-07,0.42764026555753737,0.47823289524953555,0.6435891723292859
snowagg,Rimed dendrite aggregates,115,33914,0.0030643326947930472,2.4871171040000005e-07,0.3467392333360872,0.39753788050064626,0.6849973462286961
snowagg,Rimed dendrite aggregates,116,52555,0.0030023352396259992,3.854173480000001e-07,0.41567365332386813,0.5876968080393559,0.6124441061744839
snowagg,Rimed dendrite aggregates,117,41263,0.002946526856961124,3.026063368000001e-07,0.42822514212894963,0.40465378423367576,0.6397498970021569
snowagg,Rimed dendrite aggregates,118,15489,0.0024355062464786726,1.1359013040000004e-07,0.29346997347962894,0.5244750378377563,0.8123829814707212
snowagg,Rimed dendrite aggregates,119,17593,0.002118934726374582,1.2902002480000005e-07,0.41470678415223206,0.3790915970686134,0.7307451827431365
snowagg,Rimed dendrite aggregates,120,70331,0.004223826092527015,5.157794216000001e-07,0.2478436715358977,0.44490416862777343,0.6109681363836715
snowagg,Rimed dendrite aggregates,121,25844,0.002500574749446139,1.8952955840000005e-07,0.4834864635871883,0.4517788873568676,0.6960996749729144
snowagg,Rimed dendrite aggregates,122,14995,0.0020744886986661056,1.0996733200000003e-07,0.38840654558738913,0.40450117191175783,0.7171723907969323
snowagg,Rimed dendrite aggregates,123,19801,0.0023240178457938215,1.4521261360000004e-07,0.36303786311663994,0.6684587637174539,0.7312256956719357
snowagg,Rimed dendrite aggregates,124,38005,0.002997366578750055,2.7871346800000007e-07,0.36767773635935397,0.5300487254115411,0.620786738587028
snowagg,Rimed dendrite aggregates,125,48195,0.003954814125338856,3.534428520000001e-07,0.3056317770231123,0.246094616763526,0.6642597779852681
snowagg,Rimed dendrite aggregates,126,36299,0.003205602169039412,2.6620234640000006e-07,0.32483087383947046,0.42301309341426835,0.6786137359155899
snowagg,Rimed dendrite aggregates,127,28505,0.0027605846631496077,2.0904426800000005e-07,0.3519239495754621,0.5145385166953136,0.7336607612699526
snowagg,Rimed dendrite aggregates,128,17337,0.0022081693197234633,1.2714262320000004e-07,0.3987872742279097,0.344407241713047,0.713560592951491
snowagg,Rimed dendrite aggregates,129,30051,0.0029958350835214416,2.203820136000001e-07,0.3012638560118981,0.301381456192309,0.6795447738843965
snowagg,Rimed dendrite aggregates,130,32250,0.0027956354368234362,2.3650860000000007e-07,0.4616883233261109,0.38491853701118905,0.7198139534883721
snowagg,Rimed dendrite aggregates,131,30585,0.002731462150145506,2.2429815600000005e-07,0.40650089116543475,0.6316427696082029,0.6682687591956842
snowagg,Rimed dendrite aggregates,132,32129,0.002856587719644268,2.3562123440000008e-07,0.3251092586027128,0.473856388251679,0.6531482461327772
snowagg,Rimed dendrite aggregates,133,21709,0.0022208730383348704,1.5920512240000005e-07,0.46538266744978357,0.3378977686197072,0.7227417200239532
snowagg,Rimed dendrite aggregates,134,32933,0.0032224326423216667,2.415174488000001e-07,0.3737785502616061,0.4446412846797775,0.7265660583609146
snowagg,Rimed dendrite aggregates,135,45705,0.0031264755585757543,3.351821880000001e-07,0.3596126737766606,0.5379469931480946,0.6259271414506071
snowagg,Rimed dendrite aggregates,136,49196,0.0034315337545333456,3.6078378560000013e-07,0.2981273625494872,0.38378665963660863,0.6349906496463127
snowagg,Rimed dendrite aggregates,137,33314,0.003240963728155246,2.443115504000001e-07,0.30013207986996143,0.19371608235706503,0.7348562166056313
snowagg,Rimed dendrite aggregates,138,28597,0.0027754281047480123,2.0971895920000008e-07,0.28145812916809315,0.4747970781181241,0.6885687309857678
snowagg,Rimed dendrite aggregates,139,23418,0.0023911650181709823,1.7173824480000005e-07,0.4824248479161884,0.2291841174403254,0.6436074814245453
snowagg,Rimed dendrite aggregates,140,29212,0.0028128682215638953,2.1422912320000007e-07,0.3653538796985263,0.4125666800522348,0.6827331233739559
snowagg,Rimed dendrite aggregates,141,29163,0.0031844472609490184,2.1386977680000007e-07,0.26562904171236523,0.27395406190949834,0.7408017007852415
snowagg,Rimed dendrite aggregates,142,33105,0.0031019221739356975,2.4277882800000004e-07,0.24237005356514452,0.4566910827438511,0.6519256909832352
snowagg,Rimed dendrite aggregates,143,33021,0.0036915824666863863,2.421628056000001e-07,0.290753236474359,0.346071067079137,0.7800793434481088
snowagg,Rimed dendrite aggregates,144,25892,0.0026216053439267898,1.8988157120000008e-07,0.4066769758373237,0.38090201293286885,0.7118414954426078
snowagg,Rimed dendrite aggregates,145,25979,0.003041124781983474,1.9051959440000006e-07,0.27088094257882755,0.20967691928859508,0.7225066399784441
snowagg,Rimed dendrite aggregates,146,34411,0.0033373156310468797,2.523565096000001e-07,0.3102139931250599,0.3757492662141265,0.6542094097817558
snowagg,Rimed dendrite aggregates,147,27108,0.0023552941547302078,1.9879922880000008e-07,0.46913809668355866,0.43411860119874135,0.655452265014018
snowagg,Rimed dendrite aggregates,148,30025,0.002499578421149817,2.2019134000000006e-07,0.44727181999834487,0.44564786244342036,0.658684429641965
snowagg,Rimed dendrite aggregates,149,22484,0.0024555157678813407,1.6488866240000004e-07,0.33659912383201546,0.562091880367099,0.7302971001601138
snowagg,Rimed dendrite aggregates,150,26749,0.002782632280092024,1.9616646640000007e-07,0.3471585438675855,0.2853651722039155,0.7065684698493402
snowagg,Rimed dendrite aggregates,151,21249,0.002760607143913678,1.5583166640000005e-07,0.28081282785974004,0.31185647793427446,0.8134500447079862
snowagg,Rimed dendrite aggregates,152,39474,0.003573828552272233,2.894865264000001e-07,0.32043696495429036,0.30864340868790774,0.690530475756194
snowagg,Rimed dendrite aggregates,153,31819,0.002564885063398317,2.3334781840000007e-07,0.28713830103539695,0.2907978304736826,0.683271001602816
snowagg,Rimed dendrite aggregates,154,31646,0.0033211385309460137,2.3207910560000008e-07,0.25640341252562904,0.4326454449727803,0.7106743348290463
snowagg,Rimed dendrite aggregates,155,28755,0.003348206998072923,2.1087766800000006e-07,0.2802594598467666,0.3048155296796763,0.7699530516431925
snowagg,Rimed dendrite aggregates,156,11595,0.0016522599787920646,8.503309200000002e-08,0.39886051338171286,0.6171792471980473,0.7986200948684777
snowagg,Rimed dendrite aggregates,157,20119,0.002336341197125299,1.4754469840000004e-07,0.4343274330523325,0.3194901392757883,0.7463591629802674
snowagg,Rimed dendrite aggregates,158,44091,0.003115924154671957,3.2334575760000014e-07,0.35874756165912397,0.4231863537361024,0.6247533510240185
snowagg,Rimed dendrite aggregates,159,39544,0.0032901498048255977,2.899998784000001e-07,0.2325099304435072,0.3944497195973593,0.6574701598219704
snowagg,Rimed dendrite aggregates,160,34312,0.0030819461996078375,2.516304832000001e-07,0.34814920401657573,0.2929359792966651,0.6831137794357659
snowagg,Rimed dendrite aggregates,161,78847,0.0044622690806839374,5.782323592000002e-07,0.34882635149572716,0.5125449810173476,0.6191357946402526
snowagg,Rimed dendrite aggregates,162,24359,0.002469448838269734,1.7863916240000005e-07,0.4940810638308175,0.3776919574677443,0.6962518986822119
snowagg,Rimed dendrite aggregates,163,32510,0.0032398842584623545,2.3841533600000006e-07,0.2942672452311932,0.4353730986721801,0.699169486311904
snowagg,Rimed dendrite aggregates,164,6652,0.0014222409817420583,4.8783107200000015e-08,0.36155816418188175,0.5265870458055238,0.7886349969933855
snowagg,Rimed dendrite aggregates,165,21565,0.002004339457053645,1.5814908400000004e-07,0.3531902206476191,0.5363695091964579,0.67818223974032
snowagg,Rimed dendrite aggregates,166,16472,0.001965546388210669,1.2079905920000004e-07,0.36608285847224253,0.5380702416811218,0.7062287518212724
snowagg,Rimed dendrite aggregates,167,44371,0.003451209440201064,3.253991656000001e-07,0.33027046938626947,0.4838797196786243,0.595276193910437
snowagg,Rimed dendrite aggregates,168,33030,0.0029316042434533282,2.422288080000001e-07,0.25742412381842716,0.39797995872012876,0.6640024220405691
snowagg,Rimed dendrite aggregates,169,49157,0.00326601630886296,3.6049777520000016e-07,0.38186935850656617,0.4750008654325954,0.6313648107085461
snowagg,Rimed dendrite aggregates,170,20165,0.0021709212469052377,1.4788204400000003e-07,0.3807102896746655,0.51799881674788,0.6952144805355814
snowagg,Rimed dendrite aggregates,171,23988,0.0028748343343267912,1.7591839680000005e-07,0.27385363769248705,0.34892434614864176,0.7331165582791396
snowagg,Rimed dendrite aggregates,172,45953,0.0038260462732214893,3.370009208000001e-07,0.324323764375179,0.37125779369858064,0.6612625943899202
snowagg,Rimed dendrite aggregates,173,34389,0.002945939516225279,2.521951704000001e-07,0.4135487661968497,0.3672636994760179,0.6753903864607869
snowagg,Rimed dendrite aggregates,174,17904,0.002121322864478337,1.3130077440000005e-07,0.4042667417199638,0.4646479842823485,0.72609472743521
snowagg,Rimed dendrite aggregates,175,16258,0.002014329123950874,1.1922966880000004e-07,0.2694891536349752,0.3621619319702339,0.7029154877598721
snowagg,Rimed dendrite aggregates,176,33767,0.0031986935068051047,2.4763367120000007e-07,0.34385645490553496,0.28803739286797686,0.6622738176325998
snowagg,Rimed dendrite aggregates,177,38689,0.002736217756543745,2.837296504000001e-07,0.47501884374783926,0.511874739618219,0.6572669234149241
snowagg,Rimed dendrite aggregates,178,24616,0.002827233102007606,1.8052389760000008e-07,0.33418916749109023,0.4770509504439178,0.7386252843678908
snowagg,Rimed dendrite aggregates,179,36930,0.0031154562654736725,2.708298480000001e-07,0.4202474486995292,0.2750523112320151,0.6652044408340103
snowagg,Rimed dendrite aggregates,180,42557,0.004509408979060361,3.120960152000001e-07,0.17592005913612352,0.2116295109537777,0.6934934323378058
snowagg,Rimed dendrite aggregates,181,24332,0.002271865404025138,1.7844115520000008e-07,0.38443583360323946,0.639648679920551,0.7008055235903338
snowagg,Rimed dendrite aggregates,182,44806,0.0034586747559237512,3.285892816000001e-07,0.3420869782879918,0.28242951992506043,0.6750881578360041
snowagg,Rimed dendrite aggregates,183,30167,0.0029692213268734495,2.2123271120000009e-07,0.199760656371832,0.17254120374077958,0.6886001259654589
snowagg,Rimed dendrite aggregates,184,15509,0.002113192736984936,1.1373680240000004e-07,0.34830597449277406,0.31325593330087553,0.71358565993939
snowagg,Rimed dendrite aggregates,185,39763,0.003180768651747337,2.916059368000001e-07,0.4134858417995481,0.45305682926531854,0.6890073686593063
snowagg,Rimed dendrite aggregates,186,15336,0.0017772075173522735,1.1246808960000004e-07,0.43456284980910054,0.4199508182396193,0.715962441314554
snowagg,Rimed dendrite aggregates,187,64473,0.004270608030694773,4.728191928000001e-07,0.3267764714619913,0.3414866749850108,0.638841065252121
snowagg,Rimed dendrite aggregates,188,28612,0.0032859358894317668,2.0982896320000009e-07,0.2906050433649999,0.3237122684600068,0.7061372850552216
snowagg,Rimed dendrite aggregates,189,12706,0.002289524095014924,9.318072160000004e-08,0.30235646660374643,0.4658700898161989,0.8010388792696364
snowagg,Rimed dendrite aggregates,190,36145,0.003195509401275663,2.6507297200000006e-07,0.3429460292361669,0.37062365177021594,0.663355927514179
snowagg,Rimed dendrite aggregates,191,50570,0.003872353790500865,3.708601520000001e-07,0.27966036149036005,0.411895133734783,0.6437413486256673
snowagg,Rimed dendrite aggregates,192,26585,0.0025095504201583262,1.9496375600000007e-07,0.41914034593423416,0.4090758175349477,0.6740643219860823
snowagg,Rimed dendrite aggregates,193,46680,0.0034060174528881587,3.423324480000001e-07,0.3518242009836496,0.2956900068290193,0.665209940017138
snowagg,Rimed dendrite aggregates,194,34902,0.003242201059166527,2.559573072000001e-07,0.3123061413365948,0.45516113176657086,0.6548908372013065
snowagg,Rimed dendrite aggregates,195,27964,0.003060475679062729,2.0507679040000007e-07,0.2807879578966164,0.45241799387356824,0.6908525246745816
snowagg,Rimed dendrite aggregates,196,47824,0.003149215199723073,3.5072208640000014e-07,0.3113016081376385,0.4029252721281493,0.6292238206758113
snowagg,Rimed dendrite aggregates,197,12700,0.001832054756692687,9.313672000000003e-08,0.3577972606077099,0.42107567990308525,0.8159055118110237
snowagg,Rimed dendrite aggregates,198,30238,0.002843396785563645,2.2175339680000006e-07,0.2942422555305388,0.4029079565226657,0.6870163370593293
snowagg,Rimed dendrite aggregates,199,50281,0.0036667279962967155,3.687407416000001e-07,0.296147715661715,0.39586735257675354,0.6286072273821125
snowagg,Rimed dendrite aggregates,200,54979,0.003827576863603412,4.031939944000001e-07,0.2332624262745554,0.31557807386684056,0.6840066207097255
snowagg,Rimed dendrite aggregates,201,22888,0.002355195751817591,1.6785143680000005e-07,0.41849513356913604,0.3955890319442781,0.6990562740300594
snowagg,Rimed dendrite aggregates,202,29295,0.0030836492275179215,2.1483781200000007e-07,0.2573555637482133,0.36332734117470483,0.6794674859190988
snowagg,Rimed dendrite aggregates,203,74795,0.004393700276259536,5.485166120000001e-07,0.309039843166258,0.3757236382449355,0.6070726652851126
snowagg,Rimed dendrite aggregates,204,35244,0.003040803710337597,2.584653984000001e-07,0.3684846954572654,0.492352804231475,0.6753489955737146
snowagg,Rimed dendrite aggregates,205,21471,0.0022869127285957006,1.5745972560000004e-07,0.37997777170765257,0.5971028762028587,0.7287038330771739
snowagg,Rimed dendrite aggregates,206,23856,0.0022334496032095936,1.7495036160000005e-07,0.5181480189357599,0.4813639286016379,0.6965124077800134
snowagg,Rimed dendrite aggregates,207,39826,0.0034836479112832844,2.920679536000001e-07,0.29254769658731317,0.3892828579540975,0.6792045397479034
snowagg,Rimed dendrite aggregates,208,29604,0.0034117193587389323,2.1710389440000006e-07,0.2446318517269331,0.341480359680616,0.7364207539521687
snowagg,Rimed dendrite aggregates,209,33582,0.003056748175868885,2.4627695520000007e-07,0.3505878186827103,0.551743971388137,0.6704484545292121
snowagg,Rimed dendrite aggregates,210,26967,0.002502496029011707,1.9776519120000007e-07,0.43435606888277195,0.6207290230878868,0.6608447361590092
snowagg,Rimed dendrite aggregates,211,42904,0.0033692363929009894,3.146407744000001e-07,0.39395908576336497,0.4563838386351032,0.6665345888495245
snowagg,Rimed dendrite aggregates,212,23601,0.0023455314876675913,1.7308029360000004e-07,0.4984167467338424,0.4154413314402923,0.6872166433625694
snowagg,Rimed dendrite aggregates,213,21083,0.002320605542512434,1.5461428880000006e-07,0.3745093334195692,0.5870309517372395,0.7396006260968553
snowagg,Rimed dendrite aggregates,214,25868,0.002587310280675829,1.8970556480000006e-07,0.32440704544435567,0.697831328038402,0.7220504097726921
snowagg,Rimed dendrite aggregates,215,36706,0.0031133106824101932,2.691871216000001e-07,0.40974005103709366,0.38161795110322616,0.6509017599302567
snowagg,Rimed dendrite aggregates,216,28964,0.002434147101808647,2.1241039040000005e-07,0.41018228918400107,0.47426413186939176,0.6685540671178014
snowagg,Rimed dendrite aggregates,217,32197,0.002885991236105196,2.361199192000001e-07,0.3934242727149871,0.38087554186392913,0.6656210205919806
snowagg,Rimed dendrite aggregates,218,22682,0.003162008491407777,1.6634071520000006e-07,0.228814632518974,0.35473678912269574,0.7376774534873468
snowagg,Rimed dendrite aggregates,219,31290,0.0027920040762598715,2.2946834400000006e-07,0.42806715144488755,0.41196912227115456,0.7046340683924577
snowagg,Rimed dendrite aggregates,220,8572,0.0016300750110191586,6.286361920000002e-08,0.44352518433935006,0.49652597930116327,0.8061129258049463
snowagg,Rimed dendrite aggregates,221,49357,0.004037387152688861,3.6196449520000014e-07,0.30659926920309827,0.2838434377886346,0.6666531596328789
snowagg,Rimed dendrite aggregates,222,39981,0.002940166579159492,2.932046616000001e-07,0.3930812009766355,0.4261785062695644,0.6107150896675921
snowagg,Rimed dendrite aggregates,223,31151,0.002906890332827994,2.284489736000001e-07,0.25512973808970274,0.5071530954482811,0.6913421720008989
snowagg,Rimed dendrite aggregates,224,31475,0.0027637732899045767,2.3082506000000006e-07,0.40478602670802255,0.5985812508626872,0.6733915806195393
snowagg,Rimed dendrite aggregates,225,38026,0.0035319556603393134,2.788674736000001e-07,0.28737606213735445,0.3444042671279998,0.6837952979540315
snowagg,Rimed dendrite aggregates,226,12448,0.002272476170996057,9.128865280000004e-08,0.3074030954262312,0.3598724343887191,0.8078406169665809
snowagg,Rimed dendrite aggregates,227,23817,0.0025405945405702216,1.7466435120000005e-07,0.3978343058667437,0.4241696538273776,0.7267498005626233
snowagg,Rimed dendrite aggregates,228,31978,0.0025081932013436966,2.3451386080000007e-07,0.3752302785858563,0.4013229448899761,0.6545437488273188
snowagg,Rimed dendrite aggregates,229,26889,0.002864822457892534,1.9719317040000005e-07,0.356007817595595,0.2900199191221485,0.6944475436051917
snowagg,Rimed dendrite aggregates,230,27088,0.0024828305732119884,1.9865255680000007e-07,0.4251534647454873,0.3993381283006625,0.6855434140578854
snowagg,Rimed dendrite aggregates,231,36235,0.0032143806516448307,2.6573299600000005e-07,0.3756535186079283,0.40952136791804034,0.6711466813854009
snowagg,Rimed dendrite aggregates,232,28295,0.002667094311867284,2.0750421200000006e-07,0.2973413403025512,0.383700739826027,0.6811450786358014
snowagg,Rimed dendrite aggregates,233,19780,0.002242151055385292,1.4505860800000004e-07,0.2660327450592074,0.5005268844554183,0.7021739130434783
snowagg,Rimed dendrite aggregates,234,30699,0.002345947119743842,2.2513418640000006e-07,0.4773259119259458,0.7473047102481046,0.6326264699175869
snowagg,Rimed dendrite aggregates,235,26455,0.0023190472135553837,1.9401038800000006e-07,0.5324992646609137,0.4079896178317225,0.6571158571158571
snowagg,Rimed dendrite aggregates,236,31892,0.0030327453166571253,2.3388317120000008e-07,0.35854031957197385,0.3864186312867225,0.6992349178477361
snowagg,Rimed dendrite aggregates,237,26633,0.0023567853237439615,1.9531576880000007e-07,0.46643571555638214,0.6627650690753302,0.6404460631547328
snowagg,Rimed dendrite aggregates,238,23893,0.0022950688249946767,1.7522170480000006e-07,0.4993038513762626,0.1516848601685945,0.6611559871091952
snowagg,Rimed dendrite aggregates,239,20565,0.003134067389802776,1.5081548400000005e-07,0.25562325935640345,0.40266609605060055,0.8082178458546073
snowagg,Rimed dendrite aggregates,240,19085,0.0021522907028046837,1.3996175600000003e-07,0.4716561946808998,0.2890522833782355,0.7077285826565366
snowagg,Rimed dendrite aggregates,241,31140,0.0032213734058178923,2.2836830400000007e-07,0.2831317093158525,0.35964310495045615,0.7084778420038536
snowagg,Rimed dendrite aggregates,242,8106,0.0015872072480907005,5.944616160000002e-08,0.3260897901225498,0.49621998997208905,0.8205033308660251
snowagg,Rimed dendrite aggregates,243,50871,0.00432532920803606,3.7306756560000013e-07,0.23384330363711978,0.4161030040455494,0.6417212164101355
snowagg,Rimed dendrite aggregates,244,12411,0.002414550572065154,9.101730960000003e-08,0.26268237005083456,0.25849336066855505,0.8170171621948271
snowagg,Rimed dendrite aggregates,245,27084,0.002945848881333103,1.9862322240000006e-07,0.25183013364383644,0.47938227912687637,0.7148870181657067
snowagg,Rimed dendrite aggregates,246,31894,0.002764851391420986,2.3389783840000008e-07,0.35750094302584956,0.5821096975651434,0.6277042703956857
snowagg,Rimed dendrite aggregates,247,40185,0.0031268347991912377,2.9470071600000007e-07,0.3474450034547804,0.45372647048890397,0.6500684334950853
snowagg,Rimed dendrite aggregates,248,22514,0.0024810714244904,1.6510867040000005e-07,0.38943571198890037,0.5863402121666766,0.726614550946078
snowagg,Rimed dendrite aggregates,249,41409,0.003523291266111328,3.0367704240000013e-07,0.37581013584503214,0.3865082712377403,0.6705547103286725
snowagg,Rimed dendrite aggregates,250,25777,0.00269930966490691,1.8903820720000008e-07,0.37654047499466053,0.40229604969151717,0.7387981533925593
snowagg,Rimed dendrite aggregates,251,9562,0.00180320695894269,7.012388320000003e-08,0.33989024031951154,0.4068400043296334,0.8134281531060448
snowagg,Rimed dendrite aggregates,252,14993,0.0021361036342161794,1.0995266480000004e-07,0.3023670600168425,0.50135526218954,0.804708864136597
snowagg,Rimed dendrite aggregates,253,39098,0.003374992023169477,2.867290928000001e-07,0.34955882805213767,0.3425374777613108,0.6632564325540948
snowagg,Rimed dendrite aggregates,254,33520,0.002883039567606805,2.4582227200000005e-07,0.21941849170533345,0.4747109442614772,0.6426312649164678
snowagg,Rimed dendrite aggregates,255,41017,0.003115741788440497,3.0080227120000007e-07,0.3819778877078275,0.48204446487965036,0.6369797888680303
snowagg,Rimed dendrite aggregates,256,43579,0.002873069607604112,3.195909544000001e-07,0.37667212502267344,0.48516055320288737,0.621216641042704
snowagg,Rimed dendrite aggregates,257,26823,0.0024062564146439787,1.9670915280000005e-07,0.4472777123509883,0.47443820257737884,0.6741229541811132
snowagg,Rimed dendrite aggregates,258,37856,0.0028948022225672165,2.776207616000001e-07,0.4214209797921748,0.6268518814472163,0.6734995773457312
snowagg,Rimed dendrite aggregates,259,12691,0.002733528022918927,9.307071760000003e-08,0.2215848268809095,0.24839790256186536,0.8345284059569774
snowagg,Rimed dendrite aggregates,260,26761,0.0025924404046985,1.962544696000001e-07,0.4578605944212389,0.30850885517131194,0.7213855984454991
snowagg,Rimed dendrite aggregates,261,17604,0.0021338688245594447,1.2910069440000005e-07,0.2694458338524687,0.336505711846822,0.7152919790956601
snowagg,Rimed dendrite aggregates,262,13161,0.0018848241952306307,9.651750960000003e-08,0.4664938926435193,0.2984827549361513,0.8160474128105767
snowagg,Rimed dendrite aggregates,263,43550,0.0043445888539297255,3.193782800000001e-07,0.2156394511679985,0.35893025269951384,0.665166475315729
snowagg,Rimed dendrite aggregates,264,11364,0.001950498423482022,8.333903040000003e-08,0.404684946610568,0.3924769692057907,0.8158218936994016
snowagg,Rimed dendrite aggregates,265,31957,0.003150178511666507,2.343598552000001e-07,0.3859380703695453,0.300664478407292,0.6883937791407203
snowagg,Rimed dendrite aggregates,266,26003,0.0027403613440992376,1.9069560080000007e-07,0.37727975774701467,0.5663164025060383,0.6752682382801984
snowagg,Rimed dendrite aggregates,267,13846,0.0022870052538340032,1.0154102560000003e-07,0.22746187973534385,0.36498649130974786,0.8029755886176513
snowagg,Rimed dendrite aggregates,268,30643,0.0029861648804075176,2.2472350480000006e-07,0.39540019078637956,0.2948078482341369,0.7088405182260222
snowagg,Rimed dendrite aggregates,269,33078,0.002997956005978114,2.4258082080000007e-07,0.2981744609896105,0.45148517199352717,0.6632807303948244
snowagg,Rimed dendrite aggregates,270,18334,0.002111618181223146,1.3445422240000004e-07,0.40090958644282104,0.43609388940083965,0.7279917093923858
snowagg,Rimed dendrite aggregates,271,36006,0.0028909380413414984,2.640536016000001e-07,0.3099947078069009,0.6858576729215475,0.5676831639171249
snowagg,Rimed dendrite aggregates,272,49388,0.0033713890592902964,3.621918368000001e-07,0.35944713084034546,0.6595215449238313,0.6058151777759779
snowagg,Rimed dendrite aggregates,273,6665,0.0016310601247693387,4.887844400000001e-08,0.35129036439570777,0.4421456084825273,0.836609152288072
snowagg,Rimed dendrite aggregates,274,39955,0.00342287142353895,2.9301398800000007e-07,0.22478300690915712,0.4094100197661865,0.6878738580903516
snowagg,Rimed dendrite aggregates,275,30899,0.003240336027896475,2.2660090640000007e-07,0.25538088425157507,0.4380942831465969,0.7249101912683258
snowagg,Rimed dendrite aggregates,276,16250,0.0020219709859891845,1.1917100000000003e-07,0.4416075711812978,0.34599417858491993,0.7228307692307693
snowagg,Rimed dendrite aggregates,277,16124,0.002054541386629321,1.1824696640000004e-07,0.4615000593842574,0.42672095673743543,0.7538451997023071
snowagg,Rimed dendrite aggregates,278,22191,0.00259930674808322,1.6273991760000003e-07,0.3677027157033736,0.3189967186741249,0.7410211346942455
snowagg,Rimed dendrite aggregates,279,25349,0.002914643104438575,1.8589942640000006e-07,0.1893265272735545,0.5787257598940582,0.7302852183518087
snowagg,Rimed dendrite aggregates,280,10232,0.0020259683142930577,7.503739520000002e-08,0.3296828582707745,0.2957660593463589,0.8156763096168882
snowagg,Rimed dendrite aggregates,281,12468,0.0020639243960867415,9.143532480000004e-08,0.3408629185311208,0.4390009628498048,0.8033365415463587
snowagg,Rimed dendrite aggregates,282,15864,0.0021555937377311513,1.1634023040000004e-07,0.2348867152049236,0.2041542708103726,0.6938981341401916
snowagg,Rimed dendrite aggregates,283,21434,0.0023932769276643028,1.5718838240000006e-07,0.4681473587086574,0.2236851570044655,0.7018755248670336
snowagg,Rimed dendrite aggregates,284,23950,0.002226245848043506,1.7563972000000005e-07,0.4474168023755392,0.4073558654688331,0.6906889352818372
snowagg,Rimed dendrite aggregates,285,49797,0.0033393039775812287,3.6519127920000013e-07,0.348438243129021,0.6296961799211452,0.6540956282506978
snowagg,Rimed dendrite aggregates,286,40514,0.0030597113351407716,2.971134704000001e-07,0.4736176318653757,0.3421151614445143,0.6631287949844498
snowagg,Rimed dendrite aggregates,287,33515,0.003028303377259337,2.457856040000001e-07,0.3723105594287239,0.39959826344693633,0.6955691481426227
snowagg,Rimed dendrite aggregates,288,40343,0.003089799264330127,2.958594248000001e-07,0.39049966005932946,0.334697882829556,0.6378058151352155
snowagg,Rimed dendrite aggregates,289,29675,0.002827304700684266,2.1762458000000006e-07,0.328820388819751,0.457107391028249,0.690581297388374
snowagg,Rimed dendrite aggregates,290,35998,0.0032370104298356144,2.639949328000001e-07,0.2521633003290974,0.5099931777431148,0.6507583754653036
snowagg,Rimed dendrite aggregates,291,31448,0.0025552800385986243,2.306270528000001e-07,0.40559860153147687,0.6739319579731199,0.6515199694734164
snowagg,Rimed dendrite aggregates,292,38222,0.0032373421845193593,2.803048592000001e-07,0.3319534468130107,0.4020103983672433,0.6802888388885981
snowagg,Rimed dendrite aggregates,293,44318,0.003664334589264749,3.250104848000001e-07,0.3063964397465719,0.4530145220879921,0.6649442664380162
snowagg,Rimed dendrite aggregates,294,35385,0.004095015693571732,2.594994360000001e-07,0.1734183609726468,0.2724299506996383,0.7150487494701144
snowagg,Rimed dendrite aggregates,295,12000,0.002405794839372811,8.800320000000002e-08,0.21523326051621902,0.3085483166297824,0.8293333333333334
snowagg,Rimed dendrite aggregates,296,38211,0.0028186237820366005,2.802241896000001e-07,0.47162480875348417,0.4991780335611528,0.690795844128654
snowagg,Rimed dendrite aggregates,297,32382,0.0028062379186243516,2.3747663520000007e-07,0.2947135890047901,0.38736999152542917,0.6728429374343772
snowagg,Rimed dendrite aggregates,298,43552,0.002917186920798571,3.193929472000001e-07,0.48033114763507756,0.582759094512883,0.6291329904481998
snowagg,Rimed dendrite aggregates,299,18770,0.0024954280023914994,1.3765167200000005e-07,0.282898460166374,0.4103372964752644,0.7283431006925946
original,Unrimed plate aggregates,0,17951,0.0019971748868787957,1.3164545360000004e-07,0.3438541501709076,0.46853895742613483,0.0
original,Unrimed plate aggregates,1,12967,0.0020202094935521052,9.509479120000003e-08,0.31347068268840583,0.43099304623703355,0.0
original,Unrimed plate aggregates,2,7939,0.0019689215364092497,5.822145040000002e-08,0.268662222750642,0.4441055342066768,0.0
original,Unrimed plate aggregates,3,29755,0.0030683746440634324,2.1821126800000007e-07,0.2925432099599814,0.3505664748879635,0.0
original,Unrimed plate aggregates,4,21643,0.0024052791079891968,1.5872110480000006e-07,0.37017335232680765,0.39645604464157286,0.0
original,Unrimed plate aggregates,5,7869,0.0017248302878886763,5.770809840000002e-08,0.38808681720726673,0.4806437609276885,0.0
original,Unrimed plate aggregates,6,12333,0.0018803027565798046,9.044528880000004e-08,0.4958215634784895,0.38208115348703287,0.0
original,Unrimed plate aggregates,7,13607,0.002270647168268268,9.978829520000003e-08,0.3055277905950666,0.3376648708536298,0.0
original,Unrimed plate aggregates,8,25771,0.002547309633885396,1.8899420560000008e-07,0.3044573152346711,0.6448998813808932,0.0
original,Unrimed plate aggregates,9,18565,0.002081309024816339,1.3614828400000003e-07,0.33625055382472113,0.4569131495996119,0.0
original,Unrimed plate aggregates,10,39359,0.003116046222121656,2.886431624000001e-07,0.3693672179245366,0.395167149752132,0.0
original,Unrimed plate aggregates,11,28653,0.0029083613204329106,2.1012964080000007e-07,0.3121922734851282,0.43084903044648565,0.0
original,Unrimed plate aggregates,12,18219,0.0018331776852871927,1.3361085840000004e-07,0.3717564685994691,0.6492615913431609,0.0
original,Unrimed plate aggregates,13,21461,0.0026337790908804856,1.5738638960000004e-07,0.341841189084678,0.41330976178608264,0.0
original,Unrimed plate aggregates,14,17299,0.0022821865975371654,1.2686394640000004e-07,0.32434953549713175,0.3932720710166529,0.0
original,Unrimed plate aggregates,15,14485,0.002198557342739053,1.0622719600000002e-07,0.3647720708886445,0.3552127004490087,0.0
original,Unrimed plate aggregates,16,15659,0.002115531526325885,1.1483684240000004e-07,0.4599677848719404,0.42717107393440623,0.0
original,Unrimed plate aggregates,17,23039,0.0028066965748290633,1.6895881040000006e-07,0.2923544701604361,0.38566248583736856,0.0
original,Unrimed plate aggregates,18,11525,0.0020088183972885435,8.451974000000003e-08,0.44122506901617525,0.6104684732937797,0.0
original,Unrimed plate aggregates,19,34667,0.003463139398390989,2.5423391120000006e-07,0.26621249364173627,0.4084434313762939,0.0
original,Unrimed plate aggregates,20,21045,0.0024132699780189167,1.5433561200000003e-07,0.4019187894829193,0.3606673586749824,0.0
original,Unrimed plate aggregates,21,31681,0.0032778394173098306,2.323357816000001e-07,0.2684837515680339,0.3525848433312849,0.0
original,Unrimed plate aggregates,22,16795,0.001987786590089414,1.2316781200000004e-07,0.33202933510916877,0.5001484280953633,0.0
original,Unrimed plate aggregates,23,39061,0.0026210490499632877,2.864577496000001e-07,0.28059872743496883,0.7138364559424706,0.0
original,Unrimed plate aggregates,24,23911,0.0028264687496484557,1.7535370960000005e-07,0.35330375655696933,0.5016642362084153,0.0
original,Unrimed plate aggregates,25,13913,0.0021012466835131343,1.0203237680000004e-07,0.4341758295657166,0.2418727097616055,0.0
original,Unrimed plate aggregates,26,21217,0.002453713002025232,1.5559699120000005e-07,0.3743138153719186,0.20347630405765268,0.0
original,Unrimed plate aggregates,27,32515,0.0034346907571571896,2.384520040000001e-07,0.17246922459509076,0.23671863460588383,0.0
original,Unrimed plate aggregates,28,33225,0.004141780064100823,2.4365886000000005e-07,0.26049157002431744,0.3244672911001085,0.0
original,Unrimed plate aggregates,29,41997,0.0031635429173061573,3.079891992000001e-07,0.3842617170968525,0.42751285457891386,0.0
original,Unrimed plate aggregates,30,21793,0.0025264819923415077,1.5982114480000005e-07,0.2564387009165704,0.46740309322467943,0.0
original,Unrimed plate aggregates,31,4429,0.0011682805518469274,3.248051440000001e-08,0.4085920712508312,0.5324503444025466,0.0
original,Unrimed plate aggregates,32,21141,0.002275236344770342,1.5503963760000005e-07,0.35870195293330875,0.4816502067797403,0.0
original,Unrimed plate aggregates,33,11403,0.0018161288386310467,8.362504080000002e-08,0.26357870605851547,0.7352032557323616,0.0
original,Unrimed plate aggregates,34,28999,0.0028976126827964673,2.1266706640000007e-07,0.27441764846765815,0.4576574455933688,0.0
original,Unrimed plate aggregates,35,29793,0.0031032165848669815,2.1848994480000007e-07,0.32890198266978554,0.3004444322053367,0.0
original,Unrimed plate aggregates,36,6669,0.001920255527012592,4.890777840000002e-08,0.3202969557860551,0.4255522763216271,0.0
original,Unrimed plate aggregates,37,16129,0.002369824182915629,1.1828363440000004e-07,0.35104357393684854,0.281840134823204,0.0
original,Unrimed plate aggregates,38,12655,0.00177686589755336,9.280670800000003e-08,0.262935005913343,0.457535712152908,0.0
original,Unrimed plate aggregates,39,33943,0.0025562178661781127,2.4892438480000007e-07,0.4448958375785287,0.5896879821450273,0.0
original,Unrimed plate aggregates,40,18155,0.0027748319348710557,1.3314150800000003e-07,0.23984161596319373,0.26280464113159996,0.0
original,Unrimed plate aggregates,41,9623,0.0017554784071744372,7.057123280000001e-08,0.4052281361103316,0.4010149499178583,0.0
original,Unrimed plate aggregates,42,39105,0.0032560297720705235,2.867804280000001e-07,0.27017097333857026,0.44737178724892607,0.0
original,Unrimed plate aggregates,43,27493,0.0027237668942854906,2.0162266480000007e-07,0.38401898730700285,0.5802466752445147,0.0
original,Unrimed plate aggregates,44,28729,0.0023499478772043953,2.1068699440000008e-07,0.5274408315163951,0.573541525205314,0.0
original,Unrimed plate aggregates,45,14289,0.0024413177125614783,1.0478981040000003e-07,0.2804529951555726,0.31363760794486767,0.0
original,Unrimed plate aggregates,46,26433,0.003339405846904486,1.9384904880000006e-07,0.23574891558301975,0.36559597772399066,0.0
original,Unrimed plate aggregates,47,9753,0.0022587823137150925,7.152460080000002e-08,0.24625808752363573,0.4353874562641184,0.0
original,Unrimed plate aggregates,48,19725,0.002387919855148118,1.4465526000000004e-07,0.38611426968995427,0.5226768429803273,0.0
original,Unrimed plate aggregates,49,36917,0.003490573866640547,2.7073451120000004e-07,0.361820935338946,0.5300189751280149,0.0
original,Unrimed plate aggregates,50,45275,0.002902209391580265,3.320287400000001e-07,0.41316549459244273,0.6072646029227116,0.0
original,Unrimed plate aggregates,51,18455,0.0033280405836350114,1.3534158800000004e-07,0.268629952525859,0.19534200528226436,0.0
original,Unrimed plate aggregates,52,9325,0.001813085165162827,6.838582000000002e-08,0.2968446360985619,0.4938406091151215,0.0
original,Unrimed plate aggregates,53,33057,0.0036366220717112836,2.4242681520000006e-07,0.26752912450604627,0.27820081900124694,0.0
original,Unrimed plate aggregates,54,35917,0.0027770192457012067,2.634009112000001e-07,0.3941975399864853,0.5668939438710245,0.0
original,Unrimed plate aggregates,55,36047,0.0031035400755097726,2.643542792000001e-07,0.38133890269483284,0.5271228844129664,0.0
original,Unrimed plate aggregates,56,21327,0.0025615295170512095,1.5640368720000005e-07,0.4479426911774875,0.4489159510742343,0.0
original,Unrimed plate aggregates,57,17277,0.0019230431611516818,1.2670260720000004e-07,0.5915006342618843,0.42286034565868186,0.0
original,Unrimed plate aggregates,58,10375,0.002098433453984864,7.608610000000002e-08,0.21581983031152105,0.3488462533263128,0.0
original,Unrimed plate aggregates,59,28457,0.003200152457199135,2.0869225520000007e-07,0.32996638547379353,0.40138862204323816,0.0
original,Unrimed plate aggregates,60,10331,0.0024668633869009216,7.576342160000003e-08,0.2463869588782912,0.33983295468181973,0.0
original,Unrimed plate aggregates,61,22439,0.003285053777733524,1.6455865040000005e-07,0.20283904354604615,0.31277862480492613,0.0
original,Unrimed plate aggregates,62,21103,0.002177130555720649,1.5476096080000005e-07,0.39551866318054313,0.5399917344380427,0.0
original,Unrimed plate aggregates,63,31015,0.002565917345560377,2.2745160400000006e-07,0.35606210883483425,0.48231235767115116,0.0
original,Unrimed plate aggregates,64,13837,0.002382763962007873,1.0147502320000003e-07,0.24623535654194337,0.3376838800961955,0.0
original,Unrimed plate aggregates,65,11011,0.0020412607110753957,8.075026960000002e-08,0.35238531289830677,0.19343601261475762,0.0
original,Unrimed plate aggregates,66,22813,0.0023307089433403064,1.6730141680000006e-07,0.49061944791312173,0.273248994727434,0.0
original,Unrimed plate aggregates,67,12651,0.0018614678824021354,9.277737360000004e-08,0.3961118043405205,0.37927701831584554,0.0
original,Unrimed plate aggregates,68,13445,0.00188777134292148,9.860025200000002e-08,0.4017280692224254,0.6924249516988176,0.0
original,Unrimed plate aggregates,69,13259,0.002020121848053471,9.723620240000004e-08,0.2860418590446172,0.28963512159470156,0.0
original,Unrimed plate aggregates,70,23707,0.0028885568634263886,1.7385765520000006e-07,0.30556183713504953,0.2627317871868956,0.0
original,Unrimed plate aggregates,71,17313,0.0024297600884478627,1.2696661680000005e-07,0.2610431164630004,0.3688632070376916,0.0
original,Unrimed plate aggregates,72,23851,0.0028332985677210543,1.7491369360000005e-07,0.2300452262902819,0.4455688067606094,0.0
original,Unrimed plate aggregates,73,16333,0.0023731685427169046,1.1977968880000005e-07,0.2987810042699311,0.5732299139842477,0.0
original,Unrimed plate aggregates,74,15519,0.0021345534500515893,1.1381013840000004e-07,0.2593247849935579,0.45038064920988996,0.0
original,Unrimed plate aggregates,75,17005,0.0029154857031940965,1.2470786800000003e-07,0.22247090781945256,0.24199539066371814,0.0
original,Unrimed plate aggregates,76,28463,0.003071980505042392,2.0873625680000007e-07,0.30383765404984575,0.5256460411530403,0.0
original,Unrimed plate aggregates,77,26257,0.0027245414254908956,1.9255833520000006e-07,0.3910732715737619,0.4598365559464395,0.0
original,Unrimed plate aggregates,78,38173,0.0029666566076874488,2.799455128000001e-07,0.20583509130500735,0.5140278342587712,0.0
original,Unrimed plate aggregates,79,14103,0.002095153879304288,1.0342576080000005e-07,0.287153069147837,0.4322967167197662,0.0
original,Unrimed plate aggregates,80,24271,0.003050342533643015,1.7799380560000006e-07,0.36164061215042875,0.30414001514428646,0.0
original,Unrimed plate aggregates,81,10073,0.002031092280721951,7.387135280000002e-08,0.30555261299021974,0.41870679790073423,0.0
original,Unrimed plate aggregates,82,30363,0.003117129444909372,2.2267009680000007e-07,0.274814910614477,0.45322836894155943,0.0
original,Unrimed plate aggregates,83,13339,0.00209053204028047,9.782289040000003e-08,0.3689498722387941,0.6671556058654002,0.0
original,Unrimed plate aggregates,84,17655,0.0016962069894805765,1.2947470800000004e-07,0.4515677018417527,0.6247254035641376,0.0
original,Unrimed plate aggregates,85,3815,0.0017204098396705332,2.797768400000001e-08,0.3167816838028816,0.3336520302579384,0.0
original,Unrimed plate aggregates,86,18815,0.0021631759371812526,1.3798168400000004e-07,0.3401233477729248,0.4654212865936312,0.0
original,Unrimed plate aggregates,87,28735,0.0032021153985864227,2.1073099600000005e-07,0.2830706282557023,0.38224207169948515,0.0
original,Unrimed plate aggregates,88,20975,0.0028884084401439537,1.5382226000000003e-07,0.272018274487953,0.2932448055582883,0.0
original,Unrimed plate aggregates,89,15997,0.002069187311245285,1.1731559920000003e-07,0.4202562048757527,0.2567131799335418,0.0
original,Unrimed plate aggregates,90,24771,0.0021335792800531005,1.8166060560000007e-07,0.4616169671948626,0.6701349546252757,0.0
original,Unrimed plate aggregates,91,24061,0.0024946128084132077,1.7645374960000004e-07,0.44839949484753006,0.4379071916048498,0.0
original,Unrimed plate aggregates,92,52095,0.004064727353480633,3.820438920000001e-07,0.22850792672183243,0.34833406100972014,0.0
original,Unrimed plate aggregates,93,18837,0.002445682953081227,1.3814302320000007e-07,0.3038899551440333,0.5454717059210953,0.0
original,Unrimed plate aggregates,94,15399,0.002365390056446711,1.1293010640000004e-07,0.3083044355971849,0.3649394183735958,0.0
original,Unrimed plate aggregates,95,12545,0.0022056811878681717,9.200001200000002e-08,0.4129824907645903,0.27101504940476967,0.0
original,Unrimed plate aggregates,96,8685,0.0018379791926177902,6.369231600000002e-08,0.3597156792847757,0.31585338247103684,0.0
original,Unrimed plate aggregates,97,20165,0.002044951255646539,1.4788204400000003e-07,0.43794933593547425,0.3614186299998465,0.0
original,Unrimed plate aggregates,98,19951,0.0029256653148383664,1.4631265360000003e-07,0.24282165723253585,0.4065391589922312,0.0
original,Unrimed plate aggregates,99,32325,0.0032200253705750616,2.3705862000000006e-07,0.3041462531163405,0.5530944285144687,0.0
original,Unrimed plate aggregates,100,20993,0.0021563355661108076,1.5395426480000005e-07,0.3389987299206431,0.6312696126404287,0.0
original,Unrimed plate aggregates,101,24271,0.002572526855550621,1.7799380560000006e-07,0.22994865235185913,0.4651670886507369,0.0
original,Unrimed plate aggregates,102,13453,0.00223679427839603,9.865892080000004e-08,0.38823860010030176,0.31371079637465143,0.0
original,Unrimed plate aggregates,103,12215,0.002070250141093734,8.957992400000003e-08,0.27984359776012785,0.4685899489230275,0.0
original,Unrimed plate aggregates,104,34165,0.0027160941642489665,2.5055244400000005e-07,0.4745587582091421,0.5289460658058907,0.0
original,Unrimed plate aggregates,105,18989,0.0022340425655300654,1.3925773040000005e-07,0.4514423948940758,0.3282566954881552,0.0
original,Unrimed plate aggregates,106,9897,0.001809307288196811,7.258063920000002e-08,0.33744655343569085,0.5206744045161888,0.0
original,Unrimed plate aggregates,107,29609,0.0027841437676586647,2.1714056240000006e-07,0.33994857035286097,0.5134783510010806,0.0
original,Unrimed plate aggregates,108,28969,0.002792738872682222,2.1244705840000005e-07,0.42196497441567976,0.4092556307293532,0.0
original,Unrimed plate aggregates,109,28199,0.002944584237810077,2.0680018640000007e-07,0.23119435918835773,0.5296129501325295,0.0
original,Unrimed plate aggregates,110,26199,0.002828462769132888,1.9213298640000005e-07,0.38107099101777453,0.435293242608981,0.0
original,Unrimed plate aggregates,111,20313,0.0029204022063779368,1.4896741680000005e-07,0.3089663615680546,0.2792383371747509,0.0
original,Unrimed plate aggregates,112,22029,0.0027931567715738783,1.6155187440000004e-07,0.2563541704953124,0.4343635337640558,0.0
original,Unrimed plate aggregates,113,12499,0.002017008191163005,9.166266640000003e-08,0.3569044833204076,0.4637677585243273,0.0
original,Unrimed plate aggregates,114,19869,0.0029560578609632367,1.4571129840000006e-07,0.20818800287787212,0.27321622919444566,0.0
original,Unrimed plate aggregates,115,10415,0.001958679866203382,7.637944400000002e-08,0.2674965851477331,0.7873267759163665,0.0
original,Unrimed plate aggregates,116,15321,0.00201628597364432,1.1235808560000003e-07,0.3670569676075412,0.438171307148317,0.0
original,Unrimed plate aggregates,117,16055,0.002692129395225144,1.1774094800000003e-07,0.2613391222523714,0.28719661678882713,0.0
original,Unrimed plate aggregates,118,28651,0.00313135651053664,2.1011497360000008e-07,0.3221861445378175,0.39804707249152066,0.0
original,Unrimed plate aggregates,119,24561,0.0024799358733336822,1.8012054960000003e-07,0.31973413905713716,0.5385614656913726,0.0
original,Unrimed plate aggregates,120,13627,0.0020521078833615307,9.993496720000003e-08,0.4664653310031607,0.2768378320774759,0.0
original,Unrimed plate aggregates,121,12121,0.0025202822452917973,8.889056560000003e-08,0.18289297962449025,0.2530456470190271,0.0
original,Unrimed plate aggregates,122,33557,0.002477422105456016,2.460936152000001e-07,0.40361161846995497,0.4845195285940595,0.0
original,Unrimed plate aggregates,123,8883,0.001709323481339656,6.514436880000002e-08,0.2815101896116927,0.47320599222578713,0.0
original,Unrimed plate aggregates,124,10739,0.001769052393443999,7.875553040000003e-08,0.45241137405042475,0.4159773690450076,0.0
original,Unrimed plate aggregates,125,17691,0.002336721923163873,1.2973871760000005e-07,0.3437110827229731,0.3847093832505189,0.0
original,Unrimed plate aggregates,126,20051,0.002992471714714091,1.4704601360000002e-07,0.19979662675605198,0.4101074537461993,0.0
original,Unrimed plate aggregates,127,7441,0.0018972087087798148,5.456931760000002e-08,0.308882729678132,0.4156993182226893,0.0
original,Unrimed plate aggregates,128,20199,0.003132279791040688,1.4813138640000005e-07,0.20478399943307518,0.38063131311593285,0.0
original,Unrimed plate aggregates,129,7767,0.001910900132937108,5.696007120000002e-08,0.28717754286739416,0.3570273665070418,0.0
original,Unrimed plate aggregates,130,35073,0.0039474138228006795,2.5721135280000006e-07,0.24252063690551123,0.28463624563186357,0.0
original,Unrimed plate aggregates,131,18491,0.0018556628102320114,1.3560559760000002e-07,0.5737091302520201,0.49201437966032885,0.0
original,Unrimed plate aggregates,132,15009,0.002356904936254476,1.1007000240000003e-07,0.18602359155315196,0.3448234800035385,0.0
original,Unrimed plate aggregates,133,7721,0.0016852587626999596,5.6622725600000015e-08,0.4024016701605274,0.33899263154880416,0.0
original,Unrimed plate aggregates,134,34811,0.002736810840290766,2.552899496000001e-07,0.37662740014812973,0.43032444353756005,0.0
original,Unrimed plate aggregates,135,45077,0.003259908638942849,3.305766872000001e-07,0.38114500684409025,0.41952864857493044,0.0
original,Unrimed plate aggregates,136,14509,0.0022554984056069914,1.0640320240000004e-07,0.41095874130297183,0.3182493444619309,0.0
original,Unrimed plate aggregates,137,42257,0.0031770835780849465,3.0989593520000006e-07,0.35843943427460573,0.629233320210639,0.0
original,Unrimed plate aggregates,138,52119,0.0034702503324806617,3.8221989840000013e-07,0.41369108257104015,0.572436047592313,0.0
original,Unrimed plate aggregates,139,34965,0.0028859765273638194,2.5641932400000005e-07,0.48741324895449334,0.5081761279363076,0.0
original,Unrimed plate aggregates,140,27795,0.002351672893192236,2.0383741200000007e-07,0.5081570785322462,0.5364219643824106,0.0
original,Unrimed plate aggregates,141,27999,0.0031770727507277516,2.0533346640000006e-07,0.31303116656141494,0.3569625025173946,0.0
original,Unrimed plate aggregates,142,29991,0.0027055209461064535,2.199419976000001e-07,0.3175513362199358,0.5659573545768585,0.0
original,Unrimed plate aggregates,143,13327,0.0018945156432498293,9.773488720000002e-08,0.3052208019156069,0.49686342212210555,0.0
original,Unrimed plate aggregates,144,21425,0.00333072061961471,1.5712238000000005e-07,0.23284823135963814,0.2508864877983364,0.0
original,Unrimed plate aggregates,145,14239,0.002306985713334563,1.0442313040000004e-07,0.3237295157911755,0.31651005289841544,0.0
original,Unrimed plate aggregates,146,38265,0.0032299282044081293,2.806202040000001e-07,0.30184474459947136,0.47179192528394726,0.0
original,Unrimed plate aggregates,147,16605,0.0025046027286909516,1.2177442800000003e-07,0.266296988354895,0.2684151578496512,0.0
original,Unrimed plate aggregates,148,22025,0.002585241514722123,1.6152254000000004e-07,0.3231737961504302,0.45287259085466713,0.0
original,Unrimed plate aggregates,149,34865,0.002928662651277477,2.5568596400000006e-07,0.34914734065877734,0.49089488496398337,0.0
original,Unrimed plate aggregates,150,21009,0.002272998545201248,1.5407160240000005e-07,0.40514792252122556,0.5245516584513505,0.0
original,Unrimed plate aggregates,151,19973,0.00242392760365909,1.4647399280000006e-07,0.29454672317685593,0.39451500301719694,0.0
original,Unrimed plate aggregates,152,33879,0.002504328036396369,2.4845503440000006e-07,0.45816378792516804,0.5226205418696908,0.0
original,Unrimed plate aggregates,153,15535,0.0022251738399358596,1.1392747600000003e-07,0.28059930101012065,0.6476093729458988,0.0
original,Unrimed plate aggregates,154,35867,0.0033205638605632265,2.630342312000001e-07,0.24559136696158604,0.554505543690079,0.0
original,Unrimed plate aggregates,155,13971,0.0018756375700837334,1.0245772560000003e-07,0.3778442092077829,0.600562976749944,0.0
original,Unrimed plate aggregates,156,9169,0.001788715764246856,6.724177840000002e-08,0.44888650496666355,0.5163343725850416,0.0
original,Unrimed plate aggregates,157,33195,0.0038804670813680207,2.434388520000001e-07,0.22319282599881715,0.2741491061848232,0.0
original,Unrimed plate aggregates,158,22479,0.0025491472197445362,1.6485199440000006e-07,0.4671179261146896,0.280716956312175,0.0
original,Unrimed plate aggregates,159,25043,0.0023644098877780278,1.8365534480000006e-07,0.29944997441265314,0.5159347428493499,0.0
original,Unrimed plate aggregates,160,23113,0.002703465154253543,1.6950149680000007e-07,0.3155258720708897,0.35664391808597384,0.0
original,Unrimed plate aggregates,161,20521,0.0024915432984577877,1.5049280560000003e-07,0.41791905473760366,0.4353930538921385,0.0
original,Unrimed plate aggregates,162,14049,0.0018351476414113172,1.0302974640000003e-07,0.20702916872958954,0.34943850048183883,0.0
original,Unrimed plate aggregates,163,35553,0.0030057423906086293,2.6073148080000007e-07,0.2548032905105667,0.4840301850758741,0.0
original,Unrimed plate aggregates,164,12645,0.001878615161027111,9.273337200000003e-08,0.40882838252779397,0.5289048227544596,0.0
original,Unrimed plate aggregates,165,20723,0.0023933272295377193,1.5197419280000006e-07,0.3781475829618833,0.599347959772175,0.0
original,Unrimed plate aggregates,166,26265,0.0026966632960424564,1.9261700400000005e-07,0.4191609505819978,0.34105596534339955,0.0
original,Unrimed plate aggregates,167,27665,0.0025390543145929283,2.0288404400000006e-07,0.3909701323126845,0.5240168022583316,0.0
original,Unrimed plate aggregates,168,35617,0.003346998647494468,2.612008312000001e-07,0.21504045831073637,0.4051168045462371,0.0
original,Unrimed plate aggregates,169,25237,0.002723664191593021,1.8507806320000007e-07,0.27399631090143695,0.42915586036075487,0.0
original,Unrimed plate aggregates,170,34127,0.002681741017053572,2.502737672000001e-07,0.3797906229822455,0.45511514519274526,0.0
original,Unrimed plate aggregates,171,32305,0.002774587219991572,2.3691194800000007e-07,0.38139294789154354,0.4176046925122932,0.0
original,Unrimed plate aggregates,172,5895,0.0017433299437111314,4.323157200000001e-08,0.3162152645578363,0.34433718580500194,0.0
original,Unrimed plate aggregates,173,11101,0.0021782081132890817,8.141029360000003e-08,0.24398931233018137,0.2650606898332399,0.0
original,Unrimed plate aggregates,174,19905,0.00233218420339348,1.4597530800000004e-07,0.41115715115591195,0.5345087914321991,0.0
original,Unrimed plate aggregates,175,18595,0.0024085553150542723,1.3636829200000005e-07,0.3873400141854912,0.38940115963758787,0.0
original,Unrimed plate aggregates,176,21507,0.0024326942897656863,1.5772373520000005e-07,0.35249664392024366,0.5417932060483661,0.0
original,Unrimed plate aggregates,177,20087,0.0025330153307245324,1.4731002320000006e-07,0.23098695954983975,0.4477045554776023,0.0
original,Unrimed plate aggregates,178,24581,0.002895761304959766,1.8026722160000007e-07,0.19168211094952373,0.3938922545734912,0.0
original,Unrimed plate aggregates,179,24859,0.002187316804260934,1.8230596240000005e-07,0.4152624685548469,0.6264712839610767,0.0
original,Unrimed plate aggregates,180,24441,0.0020948307974659195,1.7924051760000005e-07,0.5164546840908265,0.5428814566599098,0.0
original,Unrimed plate aggregates,181,32861,0.003065415419866044,2.409894296000001e-07,0.20617307239900667,0.47223143042264176,0.0
original,Unrimed plate aggregates,182,27259,0.0031932598530886687,1.9990660240000006e-07,0.24628422238554834,0.36396313258830293,0.0
original,Unrimed plate aggregates,183,14277,0.00196374891584482,1.0470180720000004e-07,0.47399269848535097,0.4555802023652487,0.0
original,Unrimed plate aggregates,184,20485,0.0021536909494565466,1.5022879600000004e-07,0.438871614419958,0.5756905541105655,0.0
original,Unrimed plate aggregates,185,25399,0.003058261828748746,1.8626610640000006e-07,0.2117127619419406,0.233654070139783,0.0
original,Unrimed plate aggregates,186,9935,0.0019267900924281795,7.285931600000003e-08,0.38466202207335337,0.3825050248935437,0.0
original,Unrimed plate aggregates,187,17547,0.0025634307246192017,1.2868267920000003e-07,0.21577253812706065,0.2845117833421746,0.0
original,Unrimed plate aggregates,188,30459,0.003816371584735614,2.2337412240000008e-07,0.16225077627596035,0.35125489489255507,0.0
original,Unrimed plate aggregates,189,20521,0.0025658525244199224,1.5049280560000003e-07,0.22387482247072493,0.4080695805273638,0.0
original,Unrimed plate aggregates,190,19971,0.002802067685753371,1.4645932560000004e-07,0.2985752752728932,0.2509336985937076,0.0
original,Unrimed plate aggregates,191,26805,0.0025970186871926274,1.9657714800000006e-07,0.3578546536909018,0.33574465320088465,0.0
original,Unrimed plate aggregates,192,12657,0.0018391128576105114,9.282137520000003e-08,0.40218626657980766,0.6672182322076325,0.0
original,Unrimed plate aggregates,193,20361,0.0020682618626714014,1.4931942960000003e-07,0.35836497552281127,0.4659889474608952,0.0
original,Unrimed plate aggregates,194,12857,0.0022030995644035643,9.428809520000003e-08,0.21605195841851624,0.32516262109779875,0.0
original,Unrimed plate aggregates,195,22395,0.002491292218712581,1.6423597200000005e-07,0.3655682546196956,0.36376748244949325,0.0
original,Unrimed plate aggregates,196,15999,0.0021446688568042133,1.1733026640000004e-07,0.42618438189542635,0.35739686913575647,0.0
original,Unrimed plate aggregates,197,17403,0.002785055711912889,1.2762664080000004e-07,0.23434132630561272,0.2792804633846976,0.0
original,Unrimed plate aggregates,198,12091,0.002475031224753573,8.867055760000003e-08,0.29473043483160866,0.22803446728330432,0.0
original,Unrimed plate aggregates,199,30183,0.00271931908190679,2.2135004880000006e-07,0.3119263692874811,0.4701389885026808,0.0
original,Unrimed plate aggregates,200,29405,0.003401189372719894,2.1564450800000006e-07,0.279344490078423,0.24653550899926518,0.0
original,Unrimed plate aggregates,201,15745,0.002010386565805317,1.1546753200000003e-07,0.47531623356796504,0.3791367369623731,0.0
original,Unrimed plate aggregates,202,22773,0.0028737106406080703,1.6700807280000005e-07,0.1593589821415922,0.3222399277133935,0.0
original,Unrimed plate aggregates,203,35097,0.0027323137711941837,2.573873592000001e-07,0.3520129733111957,0.6148634799893705,0.0
original,Unrimed plate aggregates,204,38723,0.003269290023894084,2.839789928000001e-07,0.3414601409879458,0.34239642674747767,0.0
original,Unrimed plate aggregates,205,13637,0.0019804313464081,1.0000830320000004e-07,0.40293250335251085,0.1708304664372185,0.0
original,Unrimed plate aggregates,206,22369,0.0018623052719409726,1.6404529840000004e-07,0.47989962704910155,0.5728262316677061,0.0
original,Unrimed plate aggregates,207,19797,0.0023089063928926914,1.4518327920000006e-07,0.28631506542276586,0.48982020236501583,0.0
original,Unrimed plate aggregates,208,23419,0.0023346050475580356,1.7174557840000005e-07,0.4229196063151137,0.3920161914754957,0.0
original,Unrimed plate aggregates,209,32569,0.0026354810771401214,2.388480184000001e-07,0.38759437361846283,0.5941143310254516,0.0
original,Unrimed plate aggregates,210,35501,0.003129567795864886,2.603501336000001e-07,0.2833467199891834,0.4073208064111976,0.0
original,Unrimed plate aggregates,211,19443,0.00207580481047956,1.4258718480000005e-07,0.3071873739867127,0.6457376901504717,0.0
original,Unrimed plate aggregates,212,20389,0.0019804545962073946,1.4952477040000006e-07,0.44681217868426165,0.41829155424931647,0.0
original,Unrimed plate aggregates,213,22779,0.0028597326186018536,1.6705207440000004e-07,0.22961084110950208,0.2829976614627789,0.0
original,Unrimed plate aggregates,214,5085,0.0014954854077284133,3.729135600000001e-08,0.39213797119956867,0.31111219652839867,0.0
original,Unrimed plate aggregates,215,18671,0.002866452248595664,1.3692564560000002e-07,0.16735721932454845,0.3166403507095386,0.0
original,Unrimed plate aggregates,216,24215,0.0021929186588917535,1.7758312400000004e-07,0.40138789801744384,0.5240144045827267,0.0
original,Unrimed plate aggregates,217,29183,0.0030859213528164338,2.1401644880000008e-07,0.3289088192679567,0.3913692360062041,0.0
original,Unrimed plate aggregates,218,17593,0.0019774367017478403,1.2902002480000005e-07,0.43150552899070477,0.5912580297186033,0.0
original,Unrimed plate aggregates,219,15399,0.0019005071492147346,1.1293010640000004e-07,0.36858416895348867,0.5959172318408683,0.0
original,Unrimed plate aggregates,220,12411,0.0020663079653183984,9.101730960000003e-08,0.25061442381808907,0.32539007791200264,0.0
original,Unrimed plate aggregates,221,22757,0.002687539264684143,1.6689073520000007e-07,0.20229773592767938,0.3950579776234112,0.0
original,Unrimed plate aggregates,222,21733,0.0027484406675090628,1.5938112880000004e-07,0.23557016093367744,0.36917238792477247,0.0
original,Unrimed plate aggregates,223,25329,0.002236066536728391,1.8575275440000005e-07,0.5163247655505022,0.4615105134594088,0.0
original,Unrimed plate aggregates,224,32853,0.002669041589230641,2.409307608000001e-07,0.3804821596774508,0.5842948736068276,0.0
original,Unrimed plate aggregates,225,32631,0.002910793368401541,2.393027016000001e-07,0.36126162270833145,0.4578610205547957,0.0
original,Unrimed plate aggregates,226,25725,0.0024581167111246303,1.8865686000000004e-07,0.30891506648902967,0.2813730537557393,0.0
original,Unrimed plate aggregates,227,23257,0.002515519174378913,1.7055753520000006e-07,0.31694985516676155,0.47494378278186355,0.0
original,Unrimed plate aggregates,228,27321,0.0025842209542480863,2.0036128560000008e-07,0.31084579586745176,0.40772285007974246,0.0
original,Unrimed plate aggregates,229,12995,0.002266441397589278,9.530013200000003e-08,0.22248665888066713,0.5258648939990433,0.0
original,Unrimed plate aggregates,230,36307,0.0031724630759365734,2.662610152000001e-07,0.24669001866983958,0.38612501289576595,0.0
original,Unrimed plate aggregates,231,25561,0.0027215219989783963,1.8745414960000007e-07,0.31719758062036535,0.48166147488915767,0.0
original,Unrimed plate aggregates,232,16259,0.002278058772654384,1.1923700240000004e-07,0.3773432670030814,0.32232009205612927,0.0
original,Unrimed plate aggregates,233,15569,0.0026965384539148433,1.1417681840000004e-07,0.18329921150749262,0.20068714438842158,0.0
original,Unrimed plate aggregates,234,25333,0.0024848120294739236,1.8578208880000006e-07,0.3297811422722756,0.4961514396473452,0.0
original,Unrimed plate aggregates,235,25393,0.0026619440731856974,1.8622210480000006e-07,0.39530740145032783,0.38983803974356446,0.0
original,Unrimed plate aggregates,236,15993,0.002270044912309473,1.1728626480000004e-07,0.3213055150546902,0.3416182174472518,0.0
original,Unrimed plate aggregates,237,15685,0.002131227917219438,1.1502751600000003e-07,0.33245664269383074,0.37085720265817496,0.0
original,Unrimed plate aggregates,238,23247,0.0024316721621572674,1.7048419920000006e-07,0.25977143961055954,0.6137856866603337,0.0
original,Unrimed plate aggregates,239,23977,0.002893895537769631,1.7583772720000007e-07,0.29963115746217645,0.3294927359995844,0.0
original,Unrimed plate aggregates,240,14795,0.001776068751236706,1.0850061200000004e-07,0.43641192501487086,0.41752507860906485,0.0
original,Unrimed plate aggregates,241,36363,0.004502401592786915,2.6667169680000007e-07,0.17516165083811952,0.2337818357161059,0.0
original,Unrimed plate aggregates,242,31223,0.002931771896709988,2.2897699280000006e-07,0.26118686994357065,0.356814461052739,0.0
original,Unrimed plate aggregates,243,30519,0.0024717949742318252,2.2381413840000008e-07,0.45146478043350735,0.50086713408835,0.0
original,Unrimed plate aggregates,244,43013,0.0026700372591767,3.154401368000001e-07,0.4623533141301017,0.7138271329789734,0.0
original,Unrimed plate aggregates,245,37477,0.002999007180412829,2.748413272000001e-07,0.3915114556067469,0.520998032354064,0.0
original,Unrimed plate aggregates,246,16637,0.0020617851184445268,1.2200910320000004e-07,0.5043887652064634,0.4226319987245547,0.0
original,Unrimed plate aggregates,247,9035,0.0020318628439941412,6.625907600000002e-08,0.23327750495006822,0.5258112300341099,0.0
original,Unrimed plate aggregates,248,26809,0.003270399610484647,1.9660648240000007e-07,0.2937536255376851,0.346719689421704,0.0
original,Unrimed plate aggregates,249,21071,0.0027434278535649627,1.5452628560000004e-07,0.3646625850201845,0.43903943030539794,0.0
original,Unrimed plate aggregates,250,19935,0.0023809149071372672,1.4619531600000003e-07,0.37194840672632,0.38676969636923186,0.0
original,Unrimed plate aggregates,251,22775,0.0025602815658091927,1.6702274000000004e-07,0.2341735821478196,0.3381872793343392,0.0
original,Unrimed plate aggregates,252,35011,0.002399070865314498,2.567566696000001e-07,0.40438976648446845,0.744014851509014,0.0
original,Unrimed plate aggregates,253,35975,0.002759684186538651,2.638262600000001e-07,0.42691775630671513,0.36925477373047066,0.0
original,Unrimed plate aggregates,254,11969,0.0019631080156655724,8.777585840000003e-08,0.4361096103634042,0.30627004893845733,0.0
original,Unrimed plate aggregates,255,20105,0.0026575070174361896,1.4744202800000005e-07,0.3542974561355659,0.34006292987557724,0.0
original,Unrimed plate aggregates,256,20309,0.002127598171047997,1.4893808240000005e-07,0.4618533039647688,0.621715218904422,0.0
original,Unrimed plate aggregates,257,25485,0.0028049698945892257,1.8689679600000006e-07,0.32669839879135043,0.37250921215222926,0.0
original,Unrimed plate aggregates,258,20827,0.0030915068625986075,1.5273688720000006e-07,0.23798435021543698,0.21073182679362115,0.0
original,Unrimed plate aggregates,259,33723,0.002774663351836561,2.473109928000001e-07,0.37654285001875143,0.503675842066547,0.0
original,Unrimed plate aggregates,260,10897,0.001915526660087878,7.991423920000002e-08,0.3378425000349837,0.14700692300975418,0.0
original,Unrimed plate aggregates,261,6119,0.001839226932324118,4.487429840000001e-08,0.2783789455726458,0.38906141997340354,0.0
original,Unrimed plate aggregates,262,28171,0.00293800316067329,2.0659484560000007e-07,0.3813289244986839,0.37038429992304156,0.0
original,Unrimed plate aggregates,263,25959,0.0028451333266776443,1.9037292240000005e-07,0.17006342057711077,0.2763584401963932,0.0
original,Unrimed plate aggregates,264,20137,0.002170450135695716,1.4767670320000006e-07,0.37352402105610427,0.5308571903019821,0.0
original,Unrimed plate aggregates,265,19681,0.002863103915177301,1.4433258160000004e-07,0.22770358446382977,0.33999852584111995,0.0
original,Unrimed plate aggregates,266,27439,0.0031248702932410457,2.0122665040000007e-07,0.22296784593663993,0.3819511672833057,0.0
original,Unrimed plate aggregates,267,22469,0.002256451890845573,1.6477865840000006e-07,0.2648719285958107,0.5545562880699756,0.0
original,Unrimed plate aggregates,268,19883,0.002349670752169876,1.4581396880000004e-07,0.4640065092707516,0.24499344211535026,0.0
original,Unrimed plate aggregates,269,20401,0.0022581320450685157,1.4961277360000002e-07,0.31831236235799804,0.5782685294662646,0.0
original,Unrimed plate aggregates,270,24015,0.0028633088979432846,1.7611640400000005e-07,0.2649431769875883,0.4551722198871835,0.0
original,Unrimed plate aggregates,271,25903,0.002414493831013958,1.8996224080000005e-07,0.3852622877176252,0.5379022238457273,0.0
original,Unrimed plate aggregates,272,16833,0.0021141169001538495,1.2344648880000004e-07,0.3644102410206994,0.5370754189341284,0.0
original,Unrimed plate aggregates,273,30555,0.002964603975286575,2.2407814800000006e-07,0.3249131531327593,0.4207688341837667,0.0
original,Unrimed plate aggregates,274,27781,0.0024343078793276256,2.0373474160000008e-07,0.36784331632550815,0.6056808337487032,0.0
original,Unrimed plate aggregates,275,18771,0.0024377413830863016,1.3765900560000004e-07,0.3505243220626544,0.5355349303908107,0.0
original,Unrimed plate aggregates,276,29119,0.0028383840789620897,2.1354709840000007e-07,0.2763808441767344,0.48227181179727713,0.0
original,Unrimed plate aggregates,277,10513,0.0018893808282618998,7.709813680000002e-08,0.33598664335052225,0.518138649677651,0.0
original,Unrimed plate aggregates,278,39719,0.003991575261576605,2.912832584000001e-07,0.17894285386101125,0.200100377462274,0.0
original,Unrimed plate aggregates,279,8205,0.0013895150155142902,6.017218800000001e-08,0.24505261169301137,0.208641487197712,0.0
original,Unrimed plate aggregates,280,21035,0.00269307484809506,1.5426227600000003e-07,0.2190224521883381,0.2821183338608872,0.0
original,Unrimed plate aggregates,281,13999,0.002280459680096593,1.0266306640000003e-07,0.27597281442621885,0.39207998663797644,0.0
original,Unrimed plate aggregates,282,24483,0.002383879364587332,1.7954852880000006e-07,0.3253180694645772,0.6745835956782019,0.0
original,Unrimed plate aggregates,283,22265,0.002699592331150592,1.6328260400000004e-07,0.3276830453998395,0.39669786293635045,0.0
original,Unrimed plate aggregates,284,23341,0.002421654861634101,1.7117355760000005e-07,0.48042742143876116,0.3863473248258294,0.0
original,Unrimed plate aggregates,285,18031,0.0016522122183286509,1.3223214160000005e-07,0.5819073271731385,0.49978481839804717,0.0
original,Unrimed plate aggregates,286,9945,0.0015972172123781155,7.293265200000002e-08,0.5152644157919278,0.45078145873172676,0.0
original,Unrimed plate aggregates,287,12595,0.002049450019040062,9.236669200000003e-08,0.36909664298446304,0.4122541037720315,0.0
original,Unrimed plate aggregates,288,32663,0.0031862174020177055,2.3953737680000006e-07,0.34926359376573757,0.3945314665969219,0.0
original,Unrimed plate aggregates,289,24525,0.0027104532898737767,1.7985654000000005e-07,0.3578526647075905,0.4224931496010885,0.0
original,Unrimed plate aggregates,290,13929,0.0018292378174258326,1.0214971440000004e-07,0.2867547798042242,0.24481709357127315,0.0
original,Unrimed plate aggregates,291,14077,0.0020035963341598637,1.0323508720000003e-07,0.399758821657903,0.4601838744473582,0.0
original,Unrimed plate aggregates,292,27285,0.0029192332486352736,2.0009727600000004e-07,0.32409484317594567,0.4194622421934349,0.0
original,Unrimed plate aggregates,293,14185,0.002057755065122815,1.0402711600000003e-07,0.3171705687840369,0.45933309243141246,0.0
original,Unrimed plate aggregates,294,8041,0.002150830075928667,5.896947760000002e-08,0.2804057102085527,0.47071916393158014,0.0
original,Unrimed plate aggregates,295,26645,0.0031311810707893555,1.9540377200000007e-07,0.30627476769335543,0.4255792198943535,0.0
original,Unrimed plate aggregates,296,13251,0.0020571581160783356,9.717753360000004e-08,0.38631342020770115,0.3346275899109098,0.0
original,Unrimed plate aggregates,297,38353,0.0032366077764473134,2.812655608000001e-07,0.2809101948319726,0.5294628835223841,0.0
original,Unrimed plate aggregates,298,40261,0.004500119533973557,2.952580696000001e-07,0.20750501508089644,0.25888264787195975,0.0
original,Unrimed plate aggregates,299,7755,0.0016955049851243766,5.6872068000000016e-08,0.3194241108963725,0.5803011803989124,0.0
snowagg,Unrimed plate aggregates,0,22667,0.0024174326130631156,1.6623071120000005e-07,0.3855462423252235,0.49234460724102785,0.0
snowagg,Unrimed plate aggregates,1,33253,0.0034620627549553505,2.4386420080000007e-07,0.22966559283047813,0.3279004719778042,0.0
snowagg,Unrimed plate aggregates,2,30591,0.003108427689275914,2.2434215760000007e-07,0.2810468440640787,0.2564667303936358,0.0
snowagg,Unrimed plate aggregates,3,23165,0.002024906883430432,1.6988284400000006e-07,0.4224415509934566,0.771796908106355,0.0
snowagg,Unrimed plate aggregates,4,22189,0.002434611335416007,1.6272525040000006e-07,0.20862171578761873,0.35809656795114336,0.0
snowagg,Unrimed plate aggregates,5,10451,0.0018566038270055275,7.664345360000003e-08,0.3238710856779155,0.22543156137176515,0.0
snowagg,Unrimed plate aggregates,6,38795,0.003203465163391133,2.8450701200000006e-07,0.33236126081884415,0.7084026170776446,0.0
snowagg,Unrimed plate aggregates,7,19041,0.002955966569695642,1.3963907760000004e-07,0.23087447246600645,0.3554895959417509,0.0
snowagg,Unrimed plate aggregates,8,22405,0.0027223435494217207,1.6430930800000005e-07,0.33672885121890156,0.38415409487422275,0.0
snowagg,Unrimed plate aggregates,9,24671,0.0026997900338946302,1.8092724560000008e-07,0.3393038662848216,0.3460254349658372,0.0
snowagg,Unrimed plate aggregates,10,5853,0.0014892651332760233,4.292356080000001e-08,0.321709733884075,0.7053770442649514,0.0
snowagg,Unrimed plate aggregates,11,38039,0.0029522495804438363,2.789628104000001e-07,0.28509840587440155,0.5403934436029135,0.0
snowagg,Unrimed plate aggregates,12,8313,0.0020419918166049386,6.096421680000002e-08,0.3147578237541907,0.34584918159705724,0.0
snowagg,Unrimed plate aggregates,13,17717,0.002425052428319447,1.2992939120000003e-07,0.29574577801556834,0.3295359294077848,0.0
snowagg,Unrimed plate aggregates,14,15865,0.0025936684036797063,1.1634756400000004e-07,0.3312220680339076,0.3377578162753514,0.0
snowagg,Unrimed plate aggregates,15,44571,0.0033687673419480497,3.268658856000001e-07,0.23798506353205565,0.4982751955930454,0.0
snowagg,Unrimed plate aggregates,16,28429,0.0034091638439435533,2.0848691440000007e-07,0.29039646997386936,0.27818938353065376,0.0
snowagg,Unrimed plate aggregates,17,24981,0.0033436895839882345,1.8320066160000006e-07,0.2779196347403886,0.30193414537666874,0.0
snowagg,Unrimed plate aggregates,18,2903,0.0012788699832150105,2.1289440800000008e-08,0.34471877900425224,0.5243314314210339,0.0
snowagg,Unrimed plate aggregates,19,37089,0.0037281228330886002,2.719958904000001e-07,0.30442910576457227,0.2532618478509256,0.0
snowagg,Unrimed plate aggregates,20,41523,0.00342072134538005,3.045130728000001e-07,0.3032793611865099,0.31577029966817727,0.0
snowagg,Unrimed plate aggregates,21,17065,0.0016318615819434859,1.2514788400000003e-07,0.30351516855167643,0.554917498735927,0.0
snowagg,Unrimed plate aggregates,22,29665,0.0027040465132869814,2.1755124400000005e-07,0.31413645340890506,0.43794405942471937,0.0
snowagg,Unrimed plate aggregates,23,9361,0.0013855317003645027,6.864982960000003e-08,0.368501637699912,0.42904030942398574,0.0
snowagg,Unrimed plate aggregates,24,13601,0.002144842027407976,9.974429360000004e-08,0.3633440601626231,0.5025352727701752,0.0
snowagg,Unrimed plate aggregates,25,13029,0.0020499165297992172,9.554947440000004e-08,0.36323233120947135,0.6717409267053664,0.0
snowagg,Unrimed plate aggregates,26,15899,0.002125466139807117,1.1659690640000003e-07,0.40224122089472436,0.5040908211967888,0.0
snowagg,Unrimed plate aggregates,27,39427,0.0038786811086055657,2.891418472000001e-07,0.21835426277540115,0.2879279436704313,0.0
snowagg,Unrimed plate aggregates,28,77987,0.004198065318895712,5.719254632000002e-07,0.3473282130158929,0.4338911744749232,0.0
snowagg,Unrimed plate aggregates,29,13191,0.0021919775464914505,9.673751760000003e-08,0.2692350667546636,0.4197615381377904,0.0
snowagg,Unrimed plate aggregates,30,21957,0.00291355458246613,1.6102385520000007e-07,0.3058606618525082,0.4057546874295745,0.0
snowagg,Unrimed plate aggregates,31,17399,0.002100200936193914,1.2759730640000003e-07,0.2601414797027256,0.4402939581222896,0.0
snowagg,Unrimed plate aggregates,32,32923,0.003092667118612846,2.414441128000001e-07,0.29611243879569066,0.47339175548657114,0.0
snowagg,Unrimed plate aggregates,33,20719,0.00222905061037204,1.5194485840000005e-07,0.4651518398569348,0.3586511963831147,0.0
snowagg,Unrimed plate aggregates,34,29607,0.002630459668912714,2.1712589520000007e-07,0.3157650850463287,0.3584111217130731,0.0
snowagg,Unrimed plate aggregates,35,22173,0.002421228119244534,1.6260791280000006e-07,0.388508465880343,0.5788022294420916,0.0
snowagg,Unrimed plate aggregates,36,16265,0.0020454031192389554,1.1928100400000004e-07,0.24419862307254078,0.42193781807646197,0.0
snowagg,Unrimed plate aggregates,37,36855,0.0028400472016045925,2.7027982800000007e-07,0.3976689202464278,0.43886483741844245,0.0
snowagg,Unrimed plate aggregates,38,22721,0.0020564832804804214,1.6662672560000003e-07,0.5041026355288448,0.560198847269904,0.0
snowagg,Unrimed plate aggregates,39,12515,0.001854574372034876,9.178000400000002e-08,0.4202367150313623,0.4723371098096591,0.0
snowagg,Unrimed plate aggregates,40,23805,0.002186770496014928,1.7457634800000006e-07,0.4796915633597043,0.5471581759977145,0.0
snowagg,Unrimed plate aggregates,41,16811,0.0023288521821912865,1.2328514960000004e-07,0.2808682676370663,0.3661957972621019,0.0
snowagg,Unrimed plate aggregates,42,20819,0.002593596518454862,1.5267821840000004e-07,0.39499001541140766,0.3137911128432482,0.0
snowagg,Unrimed plate aggregates,43,16113,0.002260597154880344,1.1816629680000004e-07,0.32080766281402984,0.39196745975815317,0.0
snowagg,Unrimed plate aggregates,44,25115,0.002494662545420524,1.8418336400000005e-07,0.40288057888231504,0.4273991761705404,0.0
snowagg,Unrimed plate aggregates,45,35933,0.0025875285775145557,2.635182488000001e-07,0.39813789714931774,0.6620309785705432,0.0
snowagg,Unrimed plate aggregates,46,21103,0.0030648852152281073,1.5476096080000005e-07,0.3024267424885361,0.5105878216196861,0.0
snowagg,Unrimed plate aggregates,47,6939,0.001637496657184879,5.088785040000002e-08,0.3090272795680147,0.657885713498154,0.0
snowagg,Unrimed plate aggregates,48,37571,0.003156268660568974,2.755306856000001e-07,0.3493792902098945,0.4033481969777521,0.0
snowagg,Unrimed plate aggregates,49,15571,0.0023329903463899385,1.1419148560000004e-07,0.2544212804849444,0.3607626645165299,0.0
snowagg,Unrimed plate aggregates,50,37041,0.004172615343998418,2.716438776000001e-07,0.2616285889872301,0.3504164547618847,0.0
snowagg,Unrimed plate aggregates,51,28201,0.002771819832107195,2.068148536000001e-07,0.39163419178519676,0.36222450539616474,0.0
snowagg,Unrimed plate aggregates,52,31151,0.0035972895582950764,2.284489736000001e-07,0.2520406778891945,0.28366208076205485,0.0
snowagg,Unrimed plate aggregates,53,19297,0.0029086659553196497,1.4151647920000007e-07,0.2104523785216623,0.315190569523997,0.0
snowagg,Unrimed plate aggregates,54,12475,0.0018923383475943473,9.148666000000003e-08,0.34702627276330744,0.551235831427489,0.0
snowagg,Unrimed plate aggregates,55,9961,0.0017428301552947266,7.304998960000003e-08,0.4111312080956781,0.3533660879248152,0.0
snowagg,Unrimed plate aggregates,56,10171,0.0019767379043928277,7.459004560000004e-08,0.4564445980389321,0.30019997413887345,0.0
snowagg,Unrimed plate aggregates,57,27787,0.0026779700162103855,2.0377874320000008e-07,0.33093645191632526,0.34025509945404303,0.0
snowagg,Unrimed plate aggregates,58,30669,0.0024964798044472677,2.2491417840000007e-07,0.4487096807775739,0.482029030378144,0.0
snowagg,Unrimed plate aggregates,59,18917,0.0020533821329270503,1.3872971120000005e-07,0.43544751999521436,0.5224840720483083,0.0
snowagg,Unrimed plate aggregates,60,15777,0.002395044643445177,1.1570220720000004e-07,0.2580111614988969,0.42883197531034245,0.0
snowagg,Unrimed plate aggregates,61,22531,0.002612637133111408,1.6523334160000005e-07,0.2877060171520257,0.41106534055917404,0.0
snowagg,Unrimed plate aggregates,62,23779,0.003376371273631031,1.7438567440000005e-07,0.2054627640597797,0.24953979945673718,0.0
snowagg,Unrimed plate aggregates,63,24279,0.0026538192947290038,1.7805247440000004e-07,0.38030373101072057,0.2564143808494113,0.0
snowagg,Unrimed plate aggregates,64,23607,0.002453655731679205,1.7312429520000006e-07,0.4638324199937141,0.35594328690829924,0.0
snowagg,Unrimed plate aggregates,65,22055,0.0022140145348832465,1.6174254800000005e-07,0.37112535398037305,0.36003422092164566,0.0
snowagg,Unrimed plate aggregates,66,26325,0.0028487553600429452,1.9305702000000005e-07,0.378673666864194,0.5120331889286037,0.0
snowagg,Unrimed plate aggregates,67,13773,0.002455023868647076,1.0100567280000004e-07,0.24454410550573227,0.15447527060904648,0.0
snowagg,Unrimed plate aggregates,68,32041,0.0029693455913999507,2.3497587760000008e-07,0.3905346323747026,0.4275497455910735,0.0
snowagg,Unrimed plate aggregates,69,30333,0.0032982020198375974,2.2245008880000008e-07,0.2744956696248745,0.3329867434268445,0.0
snowagg,Unrimed plate aggregates,70,26231,0.0027170504892757687,1.9236766160000008e-07,0.349218170932047,0.5853392054827758,0.0
snowagg,Unrimed plate aggregates,71,42323,0.0037517003581215955,3.103799528000001e-07,0.3165356245592119,0.3356522195938943,0.0
snowagg,Unrimed plate aggregates,72,11605,0.0017823102767371144,8.510642800000003e-08,0.4984529946614772,0.47256626444318156,0.0
snowagg,Unrimed plate aggregates,73,14605,0.0024094308693439377,1.0710722800000003e-07,0.2927503185240431,0.37019292399128595,0.0
snowagg,Unrimed plate aggregates,74,23875,0.0023285411277299242,1.7508970000000004e-07,0.3674524352804934,0.37299482304431864,0.0
snowagg,Unrimed plate aggregates,75,24325,0.00222493182003618,1.7838982000000006e-07,0.3300434021391374,0.552586106816164,0.0
snowagg,Unrimed plate aggregates,76,31657,0.0026182667091108123,2.3215977520000008e-07,0.37881516301076623,0.43725820721959874,0.0
snowagg,Unrimed plate aggregates,77,21073,0.0024984259163258827,1.5454095280000006e-07,0.3709083316607255,0.5761271054873178,0.0
snowagg,Unrimed plate aggregates,78,8879,0.001654187923278296,6.511503440000002e-08,0.23879601476671133,0.3785297470872062,0.0
snowagg,Unrimed plate aggregates,79,36841,0.0034012818639398046,2.701771576000001e-07,0.3158248041961544,0.45582760880360423,0.0
snowagg,Unrimed plate aggregates,80,27035,0.002745630232560581,1.9826387600000006e-07,0.3734685605475867,0.39646274111515317,0.0
snowagg,Unrimed plate aggregates,81,22345,0.0023038964856550103,1.6386929200000005e-07,0.33908668031117306,0.554004055639353,0.0
snowagg,Unrimed plate aggregates,82,21537,0.002963826796692475,1.5794374320000007e-07,0.25707518569359983,0.35377376251751835,0.0
snowagg,Unrimed plate aggregates,83,14377,0.002177245030930053,1.0543516720000003e-07,0.2141227402065686,0.2396713691159782,0.0
snowagg,Unrimed plate aggregates,84,10741,0.0018079634096536791,7.877019760000003e-08,0.3778353426581843,0.5739089674271697,0.0
snowagg,Unrimed plate aggregates,85,25525,0.0028480186567157134,1.8719014000000006e-07,0.30521795005667285,0.46222520000782114,0.0
snowagg,Unrimed plate aggregates,86,7961,0.00183140731406115,5.838278960000002e-08,0.27043577405579833,0.35386395638094487,0.0
snowagg,Unrimed plate aggregates,87,17293,0.0024225271853849525,1.2681994480000004e-07,0.37871938309202824,0.4807968691856508,0.0
snowagg,Unrimed plate aggregates,88,41025,0.003019283846289215,3.008609400000001e-07,0.30107202708970204,0.495275150060003,0.0
snowagg,Unrimed plate aggregates,89,27577,0.002849857477845333,2.0223868720000006e-07,0.28983696166109235,0.27556079911717185,0.0
snowagg,Unrimed plate aggregates,90,40925,0.0030742891616724337,3.001275800000001e-07,0.3310253072361822,0.6165277997827597,0.0
snowagg,Unrimed plate aggregates,91,8461,0.001814723405618867,6.204958960000002e-08,0.37595354781095064,0.332676598132995,0.0
snowagg,Unrimed plate aggregates,92,19579,0.002226031065800825,1.4358455440000005e-07,0.37802401724182033,0.5251122019128911,0.0
snowagg,Unrimed plate aggregates,93,17995,0.002317217082522519,1.3196813200000004e-07,0.4249273462334791,0.3561070837601667,0.0
snowagg,Unrimed plate aggregates,94,24769,0.002163307267376334,1.8164593840000006e-07,0.5552315623026787,0.4100415317681999,0.0
snowagg,Unrimed plate aggregates,95,11683,0.001548001011576471,8.567844880000002e-08,0.4240045623524636,0.308621567378762,0.0
snowagg,Unrimed plate aggregates,96,15839,0.0020268724784285323,1.1615689040000004e-07,0.37885289339652656,0.3949473569317269,0.0
snowagg,Unrimed plate aggregates,97,4873,0.0011959966995995057,3.573663280000001e-08,0.3218685755632358,0.37093958210809974,0.0
snowagg,Unrimed plate aggregates,98,21103,0.0026900128366727973,1.5476096080000005e-07,0.24894102011579478,0.27071894262187446,0.0
snowagg,Unrimed plate aggregates,99,30579,0.003553804268103446,2.2425415440000008e-07,0.28389370317325247,0.2923772035898815,0.0
snowagg,Unrimed plate aggregates,100,19721,0.002597608444458984,1.4462592560000003e-07,0.3555033046800054,0.36766420621210644,0.0
snowagg,Unrimed plate aggregates,101,28447,0.003387832335337078,2.0861891920000006e-07,0.28652140932199865,0.2925020021628671,0.0
snowagg,Unrimed plate aggregates,102,42185,0.0037466468370468127,3.093679160000001e-07,0.3595854166619959,0.25436236395179374,0.0
snowagg,Unrimed plate aggregates,103,12307,0.0017172096950044463,9.025461520000003e-08,0.4203819112471266,0.4361233177224156,0.0
snowagg,Unrimed plate aggregates,104,14159,0.0022828230507488697,1.0383644240000004e-07,0.35133749971651007,0.46335514183134197,0.0
snowagg,Unrimed plate aggregates,105,13001,0.0019087606251281587,9.534413360000004e-08,0.4207592481543339,0.45153496335518967,0.0
snowagg,Unrimed plate aggregates,106,13083,0.0021859325122145106,9.594548880000004e-08,0.36825161704738146,0.25903228894201474,0.0
snowagg,Unrimed plate aggregates,107,29883,0.0028751188920693818,2.1914996880000008e-07,0.4394715012098988,0.29951696583827764,0.0
snowagg,Unrimed plate aggregates,108,8773,0.0019065474415108099,6.433767280000002e-08,0.3393509081611872,0.39220111515231826,0.0
snowagg,Unrimed plate aggregates,109,26883,0.0022806809265907154,1.9714916880000005e-07,0.5831707565899303,0.4495387053497229,0.0
snowagg,Unrimed plate aggregates,110,16993,0.0022684496967437895,1.2461986480000004e-07,0.46724622800418025,0.24007075582276466,0.0
snowagg,Unrimed plate aggregates,111,22427,0.00297977359014064,1.6447064720000005e-07,0.2542736211450593,0.3531549634932226,0.0
snowagg,Unrimed plate aggregates,112,22889,0.0027329730214534563,1.6785877040000004e-07,0.28631578730058566,0.328367624459772,0.0
snowagg,Unrimed plate aggregates,113,21449,0.0025848444086463696,1.5729838640000004e-07,0.23225964148935832,0.5476484982143986,0.0
snowagg,Unrimed plate aggregates,114,19611,0.002682664927450043,1.4381922960000003e-07,0.3386251334632036,0.394502252100016,0.0
snowagg,Unrimed plate aggregates,115,53771,0.0032955850399656902,3.9433500560000014e-07,0.40421491120458003,0.5006680190651488,0.0
snowagg,Unrimed plate aggregates,116,17265,0.0026073104932790164,1.2661460400000005e-07,0.22130697195266472,0.2756510436547251,0.0
snowagg,Unrimed plate aggregates,117,26439,0.002661856335208033,1.9389305040000006e-07,0.4112905575740821,0.4931472682701585,0.0
snowagg,Unrimed plate aggregates,118,17253,0.0024608908349728295,1.2652660080000005e-07,0.2876990888433126,0.34310557720953777,0.0
snowagg,Unrimed plate aggregates,119,22767,0.002907607092857981,1.6696407120000007e-07,0.3295232005093639,0.3177882904801632,0.0
snowagg,Unrimed plate aggregates,120,62811,0.004905643982470085,4.6063074960000016e-07,0.19429787170986168,0.5140474689050107,0.0
snowagg,Unrimed plate aggregates,121,19023,0.0019160400221140757,1.3950707280000004e-07,0.444342542724468,0.42414204879019307,0.0
snowagg,Unrimed plate aggregates,122,13211,0.002437307718443568,9.688418960000003e-08,0.329215751971629,0.2611899259307213,0.0
snowagg,Unrimed plate aggregates,123,15875,0.0017291428357931998,1.1642090000000003e-07,0.33641509207182513,0.5047486579089089,0.0
snowagg,Unrimed plate aggregates,124,37063,0.0034987026833121957,2.7180521680000007e-07,0.25982951131220305,0.2855021238474541,0.0
snowagg,Unrimed plate aggregates,125,19595,0.0021567036231528026,1.4370189200000003e-07,0.42231724219019773,0.4429442350409459,0.0
snowagg,Unrimed plate aggregates,126,15271,0.002590153095236662,1.1199140560000004e-07,0.1876582695806721,0.2834593371205261,0.0
snowagg,Unrimed plate aggregates,127,21067,0.0026015311589868704,1.5449695120000006e-07,0.38317788961182053,0.37856194841256374,0.0
snowagg,Unrimed plate aggregates,128,9917,0.0020720866803833515,7.272731120000002e-08,0.283143561753914,0.4596441968183155,0.0
snowagg,Unrimed plate aggregates,129,34819,0.003390012409969189,2.5534861840000007e-07,0.3330400927215554,0.36147785159534457,0.0
snowagg,Unrimed plate aggregates,130,30407,0.002516197685999764,2.229927752000001e-07,0.43374099984165004,0.5369808463834936,0.0
snowagg,Unrimed plate aggregates,131,10591,0.0021501859813215568,7.767015760000003e-08,0.3052492346144131,0.18326095915144858,0.0
snowagg,Unrimed plate aggregates,132,24619,0.0029223684429190225,1.8054589840000007e-07,0.2799856463573397,0.45935072167658053,0.0
snowagg,Unrimed plate aggregates,133,20951,0.002293017315170004,1.5364625360000004e-07,0.3751482617805394,0.6285675395924875,0.0
snowagg,Unrimed plate aggregates,134,29243,0.0033570707366789004,2.1445646480000008e-07,0.23047260009447917,0.32528262400749713,0.0
snowagg,Unrimed plate aggregates,135,24883,0.0032853773385094105,1.8248196880000006e-07,0.205535794760444,0.36880348982149735,0.0
snowagg,Unrimed plate aggregates,136,26817,0.0029344540020952796,1.9666515120000008e-07,0.39076873068948487,0.2934583779136095,0.0
snowagg,Unrimed plate aggregates,137,30267,0.0027342667918004975,2.2196607120000008e-07,0.3288256088888305,0.544970306211657,0.0
snowagg,Unrimed plate aggregates,138,19505,0.002660724718088151,1.4304186800000004e-07,0.401353064108097,0.18240748020531167,0.0
snowagg,Unrimed plate aggregates,139,10051,0.002337705670417033,7.371001360000003e-08,0.30754196809465695,0.17106433070266583,0.0
snowagg,Unrimed plate aggregates,140,33405,0.003195781874831634,2.449789080000001e-07,0.2570659296378229,0.34279178662414456,0.0
snowagg,Unrimed plate aggregates,141,10501,0.002026161856648615,7.701013360000003e-08,0.21536323201240207,0.25140853803341595,0.0
snowagg,Unrimed plate aggregates,142,20709,0.002005824370338577,1.5187152240000004e-07,0.5205199851951107,0.6597410307058933,0.0
snowagg,Unrimed plate aggregates,143,24409,0.0022525730306430067,1.7900584240000005e-07,0.38452492991318193,0.49315942789633355,0.0
snowagg,Unrimed plate aggregates,144,23399,0.002813699235448309,1.7159890640000006e-07,0.2860119791172792,0.42352761364167835,0.0
snowagg,Unrimed plate aggregates,145,25981,0.0023712842517176168,1.9053426160000007e-07,0.3059584986025042,0.4547507023204832,0.0
snowagg,Unrimed plate aggregates,146,23459,0.002571548388598207,1.7203892240000006e-07,0.3279339388674059,0.2667613049726246,0.0
snowagg,Unrimed plate aggregates,147,22561,0.0021837988408231197,1.6545334960000004e-07,0.3845634179377977,0.7192702754555619,0.0
snowagg,Unrimed plate aggregates,148,30827,0.0027066538585387313,2.2607288720000007e-07,0.45743623633048414,0.4618187836953632,0.0
snowagg,Unrimed plate aggregates,149,25861,0.002270362237853452,1.8965422960000007e-07,0.47426495886751274,0.7117362503886209,0.0
snowagg,Unrimed plate aggregates,150,34219,0.002327617274270342,2.5094845840000006e-07,0.3012832590561231,0.5789246938739335,0.0
snowagg,Unrimed plate aggregates,151,34329,0.002887296028715457,2.5175515440000006e-07,0.41280162845268903,0.42015134153519546,0.0
snowagg,Unrimed plate aggregates,152,31707,0.003161421870543768,2.3252645520000008e-07,0.3242913570920456,0.3497232261519086,0.0
snowagg,Unrimed plate aggregates,153,10481,0.001616917813696526,7.686346160000003e-08,0.4147342287803232,0.5581174871524063,0.0
snowagg,Unrimed plate aggregates,154,14643,0.0017765140724260995,1.0738590480000004e-07,0.5352766235218254,0.47214513362948174,0.0
snowagg,Unrimed plate aggregates,155,37045,0.002557796882201142,2.7167321200000005e-07,0.4530654942562137,0.6367186352318606,0.0
snowagg,Unrimed plate aggregates,156,17693,0.002666091102939567,1.2975338480000004e-07,0.23565899011991157,0.3408580509328736,0.0
snowagg,Unrimed plate aggregates,157,17925,0.00214184728667774,1.3145478000000003e-07,0.3910051311145801,0.38136180276222065,0.0
snowagg,Unrimed plate aggregates,158,27183,0.0025576654575907467,1.9934924880000006e-07,0.3664602148713694,0.46012012314515677,0.0
snowagg,Unrimed plate aggregates,159,34285,0.0025937498739119253,2.5143247600000006e-07,0.3157578192014565,0.6837581343163458,0.0
snowagg,Unrimed plate aggregates,160,33757,0.0031502897469104303,2.4756033520000007e-07,0.28050379278242543,0.2980595561500569,0.0
snowagg,Unrimed plate aggregates,161,30345,0.0034491945808050447,2.2253809200000007e-07,0.2742770336011902,0.32622201288189784,0.0
snowagg,Unrimed plate aggregates,162,15379,0.0021497495376328404,1.1278343440000003e-07,0.31143436948974,0.4213858607441567,0.0
snowagg,Unrimed plate aggregates,163,17367,0.0024837490399987248,1.2736263120000003e-07,0.2798687342594165,0.3576085312602023,0.0
snowagg,Unrimed plate aggregates,164,30313,0.0033949874199498084,2.2230341680000007e-07,0.3084247304723171,0.24132170053746207,0.0
snowagg,Unrimed plate aggregates,165,35511,0.0026027274909126816,2.604234696000001e-07,0.3215525527184136,0.6392411604652377,0.0
snowagg,Unrimed plate aggregates,166,33735,0.003529725437077908,2.4739899600000007e-07,0.28937444330637013,0.41137329695025,0.0
snowagg,Unrimed plate aggregates,167,13889,0.001969671551043131,1.0185637040000003e-07,0.4061652788586537,0.5836529296790072,0.0
snowagg,Unrimed plate aggregates,168,22265,0.0023794610974977367,1.6328260400000004e-07,0.26230128128853114,0.4014291235705969,0.0
snowagg,Unrimed plate aggregates,169,13131,0.0017983291409905877,9.629750160000003e-08,0.5715032631438494,0.4383440545144713,0.0
snowagg,Unrimed plate aggregates,170,19727,0.0023465927606021795,1.4466992720000005e-07,0.25564228788934906,0.37865018797710115,0.0
snowagg,Unrimed plate aggregates,171,19159,0.001966742983218156,1.4050444240000005e-07,0.40882410594639346,0.7016736610900608,0.0
snowagg,Unrimed plate aggregates,172,4759,0.0021111654634963376,3.490060240000001e-08,0.2600745300330979,0.31215927597787346,0.0
snowagg,Unrimed plate aggregates,173,23587,0.002981289895002282,1.7297762320000005e-07,0.25470264743844034,0.3126871483844685,0.0
snowagg,Unrimed plate aggregates,174,16831,0.0022167021196092124,1.2343182160000005e-07,0.28554663067597613,0.4550510857485928,0.0
snowagg,Unrimed plate aggregates,175,21597,0.0029453291555548823,1.5838375920000007e-07,0.20095986771793595,0.4436380586149375,0.0
snowagg,Unrimed plate aggregates,176,24119,0.002365358564212089,1.7687909840000005e-07,0.43001740054843324,0.4106497740817923,0.0
snowagg,Unrimed plate aggregates,177,25323,0.0029124094888877197,1.8570875280000005e-07,0.359659931846028,0.33290008794395776,0.0
snowagg,Unrimed plate aggregates,178,11453,0.002076752554254892,8.399172080000002e-08,0.3128113925920452,0.5915834274978664,0.0
snowagg,Unrimed plate aggregates,179,13369,0.002075574509812974,9.804289840000003e-08,0.37487777623938945,0.2725980831025482,0.0
snowagg,Unrimed plate aggregates,180,37775,0.002941415318471661,2.7702674000000007e-07,0.396043958869149,0.5588745293546526,0.0
snowagg,Unrimed plate aggregates,181,38075,0.003274180591990467,2.7922682000000005e-07,0.2631931700383279,0.4422377420061364,0.0
snowagg,Unrimed plate aggregates,182,23315,0.002573074550773312,1.7098288400000005e-07,0.3070061666408686,0.4734126212565059,0.0
snowagg,Unrimed plate aggregates,183,13621,0.002123337365074486,9.989096560000003e-08,0.3862168400985171,0.3466494467194448,0.0
snowagg,Unrimed plate aggregates,184,13951,0.0021494483051552097,1.0231105360000004e-07,0.4091891110499515,0.2979220328055534,0.0
snowagg,Unrimed plate aggregates,185,20961,0.002789575275322711,1.5371958960000004e-07,0.2884277155541545,0.3975425636130048,0.0
snowagg,Unrimed plate aggregates,186,19975,0.0023262610588744887,1.4648866000000005e-07,0.3206456422799862,0.6329184656789694,0.0
snowagg,Unrimed plate aggregates,187,19461,0.00263061019852624,1.4271918960000004e-07,0.2867319308158858,0.4102238262544173,0.0
snowagg,Unrimed plate aggregates,188,12761,0.0021152940617254782,9.358406960000003e-08,0.2830768764477796,0.3351661286284572,0.0
snowagg,Unrimed plate aggregates,189,18309,0.001884373904749782,1.3427088240000005e-07,0.49325116876417235,0.46701335944405475,0.0
snowagg,Unrimed plate aggregates,190,21279,0.0024947443688920616,1.5605167440000004e-07,0.30424776274148874,0.382526818822588,0.0
snowagg,Unrimed plate aggregates,191,27173,0.003435271213956828,1.9927591280000006e-07,0.219969609146096,0.32967952001795675,0.0
snowagg,Unrimed plate aggregates,192,27393,0.0026187535307118015,2.0088930480000008e-07,0.31295031248968624,0.35954104106117385,0.0
snowagg,Unrimed plate aggregates,193,24397,0.0027655431140748386,1.7891783920000006e-07,0.33548059634349586,0.3583590218316693,0.0
snowagg,Unrimed plate aggregates,194,24995,0.0025272983020868515,1.8330333200000005e-07,0.43384622677401447,0.396703982043621,0.0
snowagg,Unrimed plate aggregates,195,23241,0.0023487358535063613,1.7044019760000003e-07,0.4320635287957138,0.4990128890280887,0.0
snowagg,Unrimed plate aggregates,196,29681,0.002996796023780292,2.1766858160000008e-07,0.15215156193565035,0.4862502716295403,0.0
snowagg,Unrimed plate aggregates,197,13311,0.001942036260244509,9.761754960000004e-08,0.4622344820992009,0.5806881238059555,0.0
snowagg,Unrimed plate aggregates,198,19467,0.002318694041138979,1.4276319120000007e-07,0.3749376111254085,0.34370338685587876,0.0
snowagg,Unrimed plate aggregates,199,26959,0.002510102462280091,1.9770652240000006e-07,0.41968349921812886,0.572451270574981,0.0
snowagg,Unrimed plate aggregates,200,24891,0.0031928186897853135,1.8254063760000008e-07,0.22981555879805504,0.26262174083672746,0.0
snowagg,Unrimed plate aggregates,201,14735,0.0022709261383400364,1.0806059600000003e-07,0.4133931879114496,0.23211898175917584,0.0
snowagg,Unrimed plate aggregates,202,35287,0.0038143384909876243,2.587807432000001e-07,0.25172186327678225,0.3449524429602939,0.0
snowagg,Unrimed plate aggregates,203,17667,0.0021768298786391466,1.2956271120000003e-07,0.41422169418204574,0.5899878908477639,0.0
snowagg,Unrimed plate aggregates,204,17481,0.002641914420648641,1.2819866160000003e-07,0.3016498345038748,0.35990749398745564,0.0
snowagg,Unrimed plate aggregates,205,19415,0.0022420142294671624,1.4238184400000003e-07,0.34590504602603106,0.414189997512579,0.0
snowagg,Unrimed plate aggregates,206,11287,0.0018876823393551984,8.277434320000003e-08,0.34902613188225373,0.5279016869406912,0.0
snowagg,Unrimed plate aggregates,207,36877,0.0029919868626233997,2.7044116720000007e-07,0.3119954004465147,0.5561709885350291,0.0
snowagg,Unrimed plate aggregates,208,14299,0.0018233607321572357,1.0486314640000004e-07,0.3722469845290577,0.48638259233978026,0.0
snowagg,Unrimed plate aggregates,209,40455,0.0031596577535157556,2.966807880000001e-07,0.34046794185102613,0.4123184321802645,0.0
snowagg,Unrimed plate aggregates,210,26173,0.002875030369860401,1.9194231280000007e-07,0.18841814237983837,0.4007486918747988,0.0
snowagg,Unrimed plate aggregates,211,19525,0.002368905706230251,1.4318854000000005e-07,0.28996489613105164,0.42921459526907957,0.0
snowagg,Unrimed plate aggregates,212,23995,0.0028337127272960957,1.7596973200000004e-07,0.2219864739011797,0.2836546963063244,0.0
snowagg,Unrimed plate aggregates,213,21985,0.002403069458228165,1.6122919600000004e-07,0.39228548667617485,0.4557396882426324,0.0
snowagg,Unrimed plate aggregates,214,20321,0.0024050429367284726,1.4902608560000004e-07,0.35404504021202066,0.5361384157554966,0.0
snowagg,Unrimed plate aggregates,215,22413,0.002585055585600161,1.6436797680000007e-07,0.3973757537946089,0.4841030069855686,0.0
snowagg,Unrimed plate aggregates,216,18261,0.001960111909217763,1.3391886960000005e-07,0.4069553391784179,0.6937756652721004,0.0
snowagg,Unrimed plate aggregates,217,19543,0.002193781275321424,1.4332054480000004e-07,0.3792725925529867,0.3754836502887569,0.0
snowagg,Unrimed plate aggregates,218,19605,0.0022866108533764634,1.4377522800000003e-07,0.44251533530365966,0.5421354868139596,0.0
snowagg,Unrimed plate aggregates,219,14689,0.002604602065884008,1.0772325040000003e-07,0.21140730945066968,0.4161417128612359,0.0
snowagg,Unrimed plate aggregates,220,8119,0.0015371161049154982,5.9541498400000023e-08,0.3293670260938391,0.33942668555551647,0.0
snowagg,Unrimed plate aggregates,221,7343,0.0016919559979606963,5.3850624800000016e-08,0.2289657527745509,0.42792072478943755,0.0
snowagg,Unrimed plate aggregates,222,23625,0.0028951878093105626,1.7325630000000006e-07,0.32415375053602097,0.4376687344770801,0.0
snowagg,Unrimed plate aggregates,223,25315,0.0029119576739640276,1.8565008400000004e-07,0.39532826979098545,0.3870050662676206,0.0
snowagg,Unrimed plate aggregates,224,16573,0.002436025069094211,1.2153975280000006e-07,0.3517050120936655,0.38777281153474147,0.0
snowagg,Unrimed plate aggregates,225,22727,0.0024896923169131888,1.6667072720000006e-07,0.3006361223933841,0.4585424272907714,0.0
snowagg,Unrimed plate aggregates,226,24719,0.002640627190582635,1.8127925840000006e-07,0.3643194628525283,0.5220755055522367,0.0
snowagg,Unrimed plate aggregates,227,37019,0.0037691806174729864,2.7148253840000013e-07,0.22789165538842268,0.3474388664257156,0.0
snowagg,Unrimed plate aggregates,228,23107,0.002174358691250708,1.6945749520000007e-07,0.34514393007458527,0.3171249587511252,0.0
snowagg,Unrimed plate aggregates,229,18357,0.002156963721517385,1.3462289520000006e-07,0.415647359395079,0.28046485190145687,0.0
snowagg,Unrimed plate aggregates,230,31931,0.0030516930366411205,2.3416918160000008e-07,0.24204706792982117,0.43095847133192966,0.0
snowagg,Unrimed plate aggregates,231,26661,0.002419669651335907,1.9552110960000007e-07,0.3810932077358664,0.36150110706799266,0.0
snowagg,Unrimed plate aggregates,232,28361,0.0028035866683905814,2.0798822960000008e-07,0.3552067162654284,0.4226872799616474,0.0
snowagg,Unrimed plate aggregates,233,10607,0.0018505565241941733,7.778749520000002e-08,0.3438374916321612,0.4206913045246445,0.0
snowagg,Unrimed plate aggregates,234,7231,0.0016069843892249126,5.3029261600000015e-08,0.31752115830013533,0.6285943343715356,0.0
snowagg,Unrimed plate aggregates,235,33579,0.002353959026430322,2.462549544000001e-07,0.5182918816733668,0.5692423575475682,0.0
snowagg,Unrimed plate aggregates,236,27277,0.002652740534360115,2.0003860720000008e-07,0.3121476150206112,0.4294686669465487,0.0
snowagg,Unrimed plate aggregates,237,14539,0.0017525355980654589,1.0662321040000004e-07,0.328654863618577,0.6290864186798855,0.0
snowagg,Unrimed plate aggregates,238,4897,0.0014668311304197135,3.5912639200000016e-08,0.30842834885687875,0.6116573580397933,0.0
snowagg,Unrimed plate aggregates,239,20687,0.002540580403833346,1.5171018320000007e-07,0.3562558271997157,0.4875326743173712,0.0
snowagg,Unrimed plate aggregates,240,19275,0.0023188299639156367,1.4135514000000004e-07,0.5141290475529589,0.43076737062236,0.0
snowagg,Unrimed plate aggregates,241,20429,0.0020107576581941257,1.4981811440000005e-07,0.5377455211878895,0.5775374281208001,0.0
snowagg,Unrimed plate aggregates,242,7135,0.0016501111719098528,5.2325236000000016e-08,0.21061150481949586,0.3952102100105872,0.0
snowagg,Unrimed plate aggregates,243,33221,0.0027933006299537266,2.4362952560000007e-07,0.4153984984168301,0.39948039897553067,0.0
snowagg,Unrimed plate aggregates,244,14447,0.002156057359013779,1.0594851920000004e-07,0.3581495497848638,0.3046364928007433,0.0
snowagg,Unrimed plate aggregates,245,25765,0.002939126701336735,1.8895020400000006e-07,0.24891537470516817,0.5409315104671493,0.0
snowagg,Unrimed plate aggregates,246,37271,0.0030021341349533133,2.733306056000001e-07,0.2978536600105319,0.34200452360133893,0.0
snowagg,Unrimed plate aggregates,247,25871,0.002295719759410331,1.8972756560000008e-07,0.414368890169785,0.7171260004813845,0.0
snowagg,Unrimed plate aggregates,248,23991,0.002259774050811838,1.7594039760000003e-07,0.35195872335744627,0.4210642942549665,0.0
snowagg,Unrimed plate aggregates,249,20819,0.002968612292807443,1.5267821840000004e-07,0.29566075580652473,0.3515567610861976,0.0
snowagg,Unrimed plate aggregates,250,21089,0.002541805149715667,1.5465829040000006e-07,0.28701611287964873,0.4809742994837072,0.0
snowagg,Unrimed plate aggregates,251,11675,0.002096111657365351,8.561978000000002e-08,0.26046199087913025,0.3206985743863113,0.0
snowagg,Unrimed plate aggregates,252,14369,0.0026466337650218894,1.0537649840000003e-07,0.2208870127435669,0.29468838464580427,0.0
snowagg,Unrimed plate aggregates,253,16381,0.0020996998849267296,1.2013170160000003e-07,0.32622733888096095,0.5695843643693397,0.0
snowagg,Unrimed plate aggregates,254,12533,0.0023290539924907218,9.191200880000004e-08,0.20786846711108217,0.2642871175217595,0.0
snowagg,Unrimed plate aggregates,255,28765,0.0029426248793430615,2.1095100400000006e-07,0.3374899532349484,0.37883348746473045,0.0
snowagg,Unrimed plate aggregates,256,32443,0.003158748509467983,2.3792398480000007e-07,0.2676208018976963,0.3428684246651607,0.0
snowagg,Unrimed plate aggregates,257,24407,0.0024770081243087336,1.7899117520000006e-07,0.31957733988023834,0.4344942341411947,0.0
snowagg,Unrimed plate aggregates,258,21847,0.0031068293796933273,1.6021715920000005e-07,0.27948935800378166,0.36584053808139405,0.0
snowagg,Unrimed plate aggregates,259,12727,0.002069453907891714,9.333472720000003e-08,0.346892590145463,0.30338140430393823,0.0
snowagg,Unrimed plate aggregates,260,35743,0.002801939323215783,2.621248648000001e-07,0.30035415790732367,0.487752745538353,0.0
snowagg,Unrimed plate aggregates,261,15411,0.0024990144623055787,1.1301810960000003e-07,0.2770308393574217,0.42949905937856375,0.0
snowagg,Unrimed plate aggregates,262,13261,0.0023916510543983516,9.725086960000004e-08,0.34413114289184094,0.254220179934006,0.0
snowagg,Unrimed plate aggregates,263,38727,0.003137678735100556,2.840083272000001e-07,0.408935708863336,0.31798164362060116,0.0
snowagg,Unrimed plate aggregates,264,6281,0.0015307293738348402,4.6062341600000015e-08,0.26061083082878744,0.44056667275695083,0.0
snowagg,Unrimed plate aggregates,265,32719,0.0027431123130276618,2.3994805840000006e-07,0.3311754587538001,0.5598783130084576,0.0
snowagg,Unrimed plate aggregates,266,17519,0.0018827305544233234,1.2847733840000003e-07,0.4153764402795555,0.594304624109346,0.0
snowagg,Unrimed plate aggregates,267,11025,0.001610193898116071,8.085294000000002e-08,0.46770622720353416,0.6779563912749053,0.0
snowagg,Unrimed plate aggregates,268,23303,0.00249281418200477,1.7089488080000005e-07,0.4610126296103175,0.38195101761126593,0.0
snowagg,Unrimed plate aggregates,269,22419,0.00269326971128923,1.6441197840000006e-07,0.2316991047900748,0.42631368444672274,0.0
snowagg,Unrimed plate aggregates,270,20621,0.0026614521169811855,1.5122616560000005e-07,0.24467790030334718,0.37665891215975483,0.0
snowagg,Unrimed plate aggregates,271,13889,0.0016520135970477232,1.0185637040000003e-07,0.524943553904796,0.27315877737937777,0.0
snowagg,Unrimed plate aggregates,272,41305,0.0029039262129675197,3.029143480000001e-07,0.366958305037355,0.5603336092971211,0.0
snowagg,Unrimed plate aggregates,273,7523,0.001758797259984415,5.517067280000002e-08,0.311995092975983,0.3930999731584659,0.0
snowagg,Unrimed plate aggregates,274,14839,0.0025432163007273645,1.0882329040000003e-07,0.26929582409939934,0.2927725068786679,0.0
snowagg,Unrimed plate aggregates,275,15679,0.0019393979483920461,1.1498351440000004e-07,0.4400678152739166,0.6852918607411606,0.0
snowagg,Unrimed plate aggregates,276,14839,0.0020487432317049243,1.0882329040000003e-07,0.3577029530199974,0.41293188093569827,0.0
snowagg,Unrimed plate aggregates,277,17895,0.0030339496835589635,1.3123477200000004e-07,0.2134042188625886,0.2658740595669245,0.0
snowagg,Unrimed plate aggregates,278,26359,0.002446506142251429,1.9330636240000005e-07,0.4497846685096346,0.5732906014643746,0.0
snowagg,Unrimed plate aggregates,279,24225,0.0024960431857662013,1.7765646000000004e-07,0.27801776755291563,0.5514876917507278,0.0
snowagg,Unrimed plate aggregates,280,11579,0.0019435015989169105,8.491575440000003e-08,0.3876485416416452,0.41418044432082746,0.0
snowagg,Unrimed plate aggregates,281,15743,0.0027154700718243214,1.1545286480000004e-07,0.3026581979397817,0.5024078213390943,0.0
snowagg,Unrimed plate aggregates,282,8971,0.0015787789659185666,6.578972560000001e-08,0.4348095460657223,0.27005143738134724,0.0
snowagg,Unrimed plate aggregates,283,46437,0.0030846287625129307,3.4055038320000007e-07,0.4455499239087253,0.45880140676109504,0.0
snowagg,Unrimed plate aggregates,284,18159,0.002026376673581807,1.3317084240000004e-07,0.3340151059839101,0.5408956452921216,0.0
snowagg,Unrimed plate aggregates,285,29531,0.0028960107167615872,2.165685416000001e-07,0.31741122470200256,0.4124972612889951,0.0
snowagg,Unrimed plate aggregates,286,25095,0.0023555904356511856,1.8403669200000004e-07,0.3782449687134447,0.35286096509830367,0.0
snowagg,Unrimed plate aggregates,287,22959,0.002691841509942156,1.6837212240000005e-07,0.34826898234690223,0.40028354032576613,0.0
snowagg,Unrimed plate aggregates,288,43845,0.0035387641544018245,3.215416920000001e-07,0.31949814852816055,0.5054442012701275,0.0
snowagg,Unrimed plate aggregates,289,31045,0.0027924421737635613,2.2767161200000005e-07,0.3950802478568251,0.589145804463992,0.0
snowagg,Unrimed plate aggregates,290,15371,0.0024592971579949882,1.1272476560000004e-07,0.2498421108402989,0.4785205395773689,0.0
snowagg,Unrimed plate aggregates,291,24487,0.003015905647804742,1.7957786320000007e-07,0.2944677782649381,0.3812972882232992,0.0
snowagg,Unrimed plate aggregates,292,6109,0.001519961001597083,4.480096240000001e-08,0.312374137396953,0.4244253655408197,0.0
snowagg,Unrimed plate aggregates,293,28753,0.0031502692278915887,2.1086300080000007e-07,0.29934137167917774,0.24617919917063924,0.0
snowagg,Unrimed plate aggregates,294,33503,0.002875549922259866,2.456976008000001e-07,0.413532477540866,0.5549507923918608,0.0
snowagg,Unrimed plate aggregates,295,3103,0.0014624926409000007,2.2756160800000007e-08,0.31526133929004835,0.4002302163908009,0.0
snowagg,Unrimed plate aggregates,296,23237,0.001974883318097272,1.7041086320000005e-07,0.4452886303089029,0.6606423529404047,0.0
snowagg,Unrimed plate aggregates,297,31163,0.003384400467389439,2.2853697680000006e-07,0.3289876874770778,0.28456478486088654,0.0
snowagg,Unrimed plate aggregates,298,22921,0.0025327636581183467,1.6809344560000004e-07,0.33995970281827315,0.34406139382254264,0.0
snowagg,Unrimed plate aggregates,299,9923,0.0020263780911754787,7.277131280000002e-08,0.48037084867868274,0.30930615803784167,0.0
